,id,category,original_text,simple_text,source,collector,preprocessing_text
0,1,식사,"규칙적인 식사와 고른 영양섭취, 충분한 야채, 과일 및 단백질 섭취는 치료 전후 회복에 도움이 됩니다.","밥은 매일 잘 먹고, 채소랑 과일이랑 고기도 골고루 먹으면 좋아요.",https://www.snuh.org/board/B016/view.do?bbs_no=3583,김하영,규칙 식사 고르 영양 섭취 충분 야채 과일 및 단백질 섭취 치료 전후 회복 도움
1,2,운동,퇴원 후 집안에서 생활하는 데는 지장이 없습니다.,병원에서 집에 온 뒤에도 집에서 잘 지낼 수 있어요.,https://www.snuh.org/board/B016/view.do?bbs_no=3583,김하영,퇴원 후 집안 생활 데 지장
2,3,운동,2주 정도는 배에 힘이 들어가는 무리한 운동을 삼가십시오.,배에 힘이 많이 들어가는 놀이는 2주 동안 하지 마세요.,https://www.snuh.org/board/B016/view.do?bbs_no=3583,김하영,주 정도 배 힘 들어가 무리 운동 삼가 시
3,4,목욕 및 샤워,실밥제거 후에는 다음 날부터 가벼운 샤워를 시작해도 됩니다.,꿰맨 실을 빼고 나면 다음 날 씻어도 괜찮아요.,https://www.snuh.org/board/B016/view.do?bbs_no=3583,김하영,실밥 제거 후 다음 날 가볍 샤워 시작 어도
4,5,목욕 및 샤워,상처부위의 때를 밀거나 문질러 닦는 것은 상처가 완전히 아문 다음 시작하십시오.,다 나을 때까지 아픈 데를 밀거나 세게 닦지 마세요.,https://www.snuh.org/board/B016/view.do?bbs_no=3583,김하영,상처 부위 밀 거나 문지르 닦 상처 완전히 아물 다음 시작 시
5,6,상처 관리,실밥은 보통 수술 1주일 경에 제거하며 때에 따라 실밥제거의 시기가 늦어질 수도 있습니다.,실은 수술하고 보통 일주일쯤 뒤에 빼요. 가끔은 좀 더 늦게 빼요.,https://www.snuh.org/board/B016/view.do?bbs_no=3583,김하영,실밥 보통 수술 주일 경 제거 실밥 제거 시기 늦 있
6,7,상처 관리,실밥제거 후 수술부위에 특별한 문제가 없다면 더 이상의 상처소독이 필요 없습니다.,실을 빼고 아픈 데가 괜찮으면 닦지 않아도 괜찮아요.,https://www.snuh.org/board/B016/view.do?bbs_no=3583,김하영,실밥 제거 후 수술 부위 특별 문제 다면 이상 상처 소독 필요
7,8,통증 관리,상처부위에 당기는 통증은 정상적입니다.,아픈 데가 당기거나 욱신거리는 느낌이 있어도 괜찮아요.,https://www.snuh.org/board/B016/view.do?bbs_no=3583,김하영,상처 부위 당기 통증 정상
8,9,통증 관리,수술 후 대부분의 통증은 점차 호전됩니다.,아픈 느낌은 시간이 지나면 나아져요.,https://www.snuh.org/board/B016/view.do?bbs_no=3583,김하영,수술 후 대부분 통증 점차 호전
9,10,일상생활,"청소, 세탁, 요리 등 가벼운 가사활동은 가능합니다.","청소나 빨래, 밥하기 같은 쉬운 집안일은 해도 괜찮아요.",https://www.snuh.org/board/B016/view.do?bbs_no=3583,김하영,청소 세탁 요리 가볍 가사 활동 가능
10,11,일상생활,사회활동 및 직장복귀는 가능합니다.,밖에 나가서 사람들 만나거나 일하러 가도 괜찮아요.,https://www.snuh.org/board/B016/view.do?bbs_no=3583,김하영,사회 활동 및 직장 복귀 가능
11,12,일상생활,일상생활은 가능합니다.,평소처럼 지내도 괜찮아요.,https://www.snuh.org/board/B016/view.do?bbs_no=3583,김하영,일상생활 가능
12,13,일상생활,반대측 고환이 다치지 않도록 항상 조심해야 합니다.,다른 쪽 고환이 다치지 않게 조심해요.,https://www.snuh.org/board/B016/view.do?bbs_no=3583,김하영,반대 측 고환 다치 도록 항상 조심
13,14,일상생활,"운전, 여행 및 비행기 탑승은 가능합니다.",차 타거나 놀러 가도 괜찮아요.,https://www.snuh.org/board/B016/view.do?bbs_no=3583,김하영,운전 여행 및 비행기 탑승 가능
14,15,병원 방문,"음낭이 지속적으로 붓거나 갑작스러운 수술부위 통증, 급성 고열, 혈뇨 등의 증상이 있으면 비뇨기과 의사와 상담하거나 급한 경우가까운 병원이나 응급실을 방문하십시오.","음낭이 계속 붓거나, 아픈 데가 갑자기 아프고, 열이 많이 나거나, 오줌에 피가 보이면 바로 병원에 가요.",https://www.snuh.org/board/B016/view.do?bbs_no=3583,김하영,음낭 지속 붓 거나 갑작스럽 수술 부위 통증 급성 고열 혈뇨 증상 으면 비뇨기과 의사 상담 거나 급하 경우 가깝 병원 이나 응급실 방문 시
15,16,식사,가리는 것 없이 골고루 드십시오.,먹는 건 가리지 말고 골고루 먹어요.,https://www.snuh.org/board/B016/view.do?bbs_no=3584,김하영,가리 없이 골고루 들 시
16,17,식사,"골다공증 예방을 위해 칼슘이 많이 함유된 음식을 드십시오(우유, 요플레, 치즈, 멸치, 뼈째 먹는 생선, 김, 미역, 다시마,두유, 두부등).","뼈를 튼튼하게 하려면 멸치, 우유, 두부 같은 걸 자주 먹어요.",https://www.snuh.org/board/B016/view.do?bbs_no=3584,김하영,골다공증 예방 칼슘 많이 함유 음식 들 시 ᆸ시오 우유 요플레 치즈 멸치 뼈 째 먹 생선 김 미역 다시마 두유 두부
17,18,식사,고지혈증 예방과 상처 회복을 위해 기름기 없는 살코기를 드십시오.,기름기 없는 고기를 먹으면 아픈 데가 더 빨리 나아요.,https://www.snuh.org/board/B016/view.do?bbs_no=3584,김하영,고지혈증 예방 상처 회복 기름 기 살코기 들 시
18,19,식사,"폐경 증상 완화를 위해 식물성 에스트로겐이 함유된 식품을 드십시오(콩 제품,두유, 연두부, 순두부,된장, 녹확생 콩, 해바라기 씨등).","콩, 두부, 된장 같은 것도 몸에 좋아요.",https://www.snuh.org/board/B016/view.do?bbs_no=3584,김하영,폐경 증상 완화 식물 에스트로겐 함유 식품 드시 ᆸ시오 콩 제품 두유 연두부 순두부 된장 녹 확 생 콩 해바라기 씨
19,20,식사,"철분이 많이 함유된 음식(간, 소라, 굴, 바지락, 멸치, 장어, 고등어, 파슬리, 시금치, 호박, 당근, 감자, 미역, 다시마, 김등)과 함께 신선한 채소와 과일을 드십시오.","간, 김, 미역, 당근 같은 것도 채소랑 같이 먹으면 더 좋아요.",https://www.snuh.org/board/B016/view.do?bbs_no=3584,김하영,철분 많이 함유 음식 간 소라 굴 바지락 멸치 장어 고등어 파슬리 시금치 호박 당근 감자 미역 다시마 김 함께 신선 채소 과일 들 시
20,21,운동,1회 30분 이내로 하루 4회 이상 평지를 걷는 산책을 하시고 활동량을 조금씩 늘리십시오.,"하루에 4번, 한 번에 30분 정도 걷는 게 좋아요.",https://www.snuh.org/board/B016/view.do?bbs_no=3584,김하영,회 분 이내 하루 회 이상 평지 걷 산책 시 활동량 조금 씩 늘리 시
21,22,운동,퇴원 후 6~8주의 휴식기가 필요합니다.,병원에서 나온 뒤엔 6주쯤 푹 쉬어요.,https://www.snuh.org/board/B016/view.do?bbs_no=3584,김하영,퇴원 후 주의 휴식기 필요
22,23,운동,다리 부종을 예방하기 위해 잠자거나 쉬고 있을 때는 다리를 올려놓으십시오.,다리가 붓지 않게 자거나 쉴 때 다리를 베개 위에 올려놔요.,https://www.snuh.org/board/B016/view.do?bbs_no=3584,김하영,다리 부종 예방 잠자 거나 쉬 다리 올리 놓 으시
23,24,운동,"헬스, 에어로빅, 수영, 등산, 골프 등의 운동은 퇴원 후 6~8주 이후에 가능합니다.",몸 움직이는 놀이는 병원에서 나온 뒤 6주쯤 지나서 해요.,https://www.snuh.org/board/B016/view.do?bbs_no=3584,김하영,헬스 에어로빅 수영 등산 골프 운동 퇴원 후 주 이후 가능
24,25,목욕 및 샤워,"샤워는 수술부위의 실밥 제거 이틀 후 수술상처에 문제(상처 벌어짐, 염증 증상)가 없으면 가능합니다.",실을 빼고 이틀 지나고 아픈 데가 괜찮으면 씻어도 괜찮아요.,https://www.snuh.org/board/B016/view.do?bbs_no=3584,김하영,샤워 수술 부위 실밥 제거 이틀 후 수술 상처 문제 상처 벌어지 염증 증상 가 으면 가능
25,26,목욕 및 샤워,"통목욕, 사우나, 찜질방은 질 내의 상처 회복을 위해 퇴원 후 6~8주 동안 삼가십시오.",뜨거운 물에 오래 들어가는 목욕이나 찜질방 놀이는 수술한 데가 다 나을 때까지 하지 마세요.,https://www.snuh.org/board/B016/view.do?bbs_no=3584,김하영,통 목욕 사우나 찜질방 질 내 상처 회복 퇴원 후 주 동안 삼가 시
26,27,상처 관리,"수술부위의 실밥 제거 후상처에 문제(상처 벌어짐, 상처염증 증상)가 없으면 더 이상의 상처 치료는 하지 않습니다.",꿰맨 실을 빼고 아픈 데가 괜찮으면 더 이상 병원에서 치료 안 해도 괜찮아요.,https://www.snuh.org/board/B016/view.do?bbs_no=3584,김하영,수술 부위 실밥 제거 후 상처 문제 상처 벌어지 상처 염증 증상 가 으면 이상 상처 치료
27,28,상처 관리,질 내의 수술상처가 회복되는 과정에서 붉은색 질 분비물이 소량 나올 수 있습니다.,수술한 데가 나으면서 빨간 분비물이 조금 나올 수 있어요.,https://www.snuh.org/board/B016/view.do?bbs_no=3584,김하영,질 내 수술 상처 회복 과정 붉은색 질 분비물 소량 나오 있
28,29,상처 관리,복대는 수술상처를 지지하여 복부의 편안함을 위한 것으로 퇴원 후 4주 정도 착용하고 누워 있을 때는 풀어 놓으셔도 됩니다.,"배에 두르는 복대는 아픈 데를 덜 아프게 해주는 거예요. 4주쯤 하고, 누울 땐 풀어도 괜찮아요.",https://www.snuh.org/board/B016/view.do?bbs_no=3584,김하영,복 대 수술 상처 지지 복부 편안 ᆷ 퇴원 후 주 정도 착용 눕 풀 놓 으시 어도
29,30,상처 관리,수술상처 주위에 감각 이상(남의 살 같은 감각)은 6개월 이상 오래 갈 수 있습니다.,"아픈 데가 이상하게 느껴질 수 있어요. 남의 살 같다고 느껴질 수 있는데, 오래가도 걱정하지 마세요.",https://www.snuh.org/board/B016/view.do?bbs_no=3584,김하영,수술 상처 주위 감각 이상 남 살 감각 개월 이상 오래 가 있
30,31,통증 관리,당기는 듯한 느낌은 정상적인 증상입니다.,당기는 느낌이 있어도 괜찮은 거예요.,https://www.snuh.org/board/B016/view.do?bbs_no=3584,김하영,당기 듯 느낌 정상 증상
31,32,통증 관리,통증 조절을 위해 처방된 진통제를 복약 지시에 따라 복용하십시오.,아플 때는 병원에서 받은 약을 알려준 대로 잘 챙겨 드세요.,https://www.snuh.org/board/B016/view.do?bbs_no=3584,김하영,통증 조절 처방 진통제 복약 지시 복용 시
32,33,일상생활,"청소, 세탁, 요리 등 가벼운 가사 활동은 가능합니다.","청소, 빨래, 밥하기 같은 쉬운 집안일은 하셔도 괜찮아요.",https://www.snuh.org/board/B016/view.do?bbs_no=3584,김하영,청소 세탁 요리 가볍 가사 활동 가능
33,34,일상생활,수술 후 회복상태에 따라 차이가 있을 수 있으며 퇴원 6주 후에는 사회 활동이 가능합니다.,사람마다 나아지는 속도가 달라요. 보통 6주 지나면 밖에서 활동해도 괜찮아요.,https://www.snuh.org/board/B016/view.do?bbs_no=3584,김하영,수술 후 회복 상태 차이 있 으며 퇴원 주 후 사회 활동 가능
34,35,일상생활,항암치료 중에는 환자 상태에 따라 사회 활동 가능 시기가 달라질 수 있습니다.,항암 주사 같은 치료를 받고 있다면 몸 상태에 따라 다를 수 있어요.,https://www.snuh.org/board/B016/view.do?bbs_no=3584,김하영,항암 치료 환자 상태 사회 활동 가능 시기 달라지 있
35,36,일상생활,"퇴원 후 6~8주 동안 복압이 상승되는 활동(힘든 일, 무거운 물건 들기, 장시간 쪼그려 앉기 등)은 삼가십시오.",무거운 거 들거나 힘주는 일은 두 달 동안 하지 마세요.,https://www.snuh.org/board/B016/view.do?bbs_no=3584,김하영,퇴원 후 주 동안 복 압 상승 활동 힘들 무겁 물건 들 장시간 쪼그리 앉 삼가 시
36,37,일상생활,자가 운전은 퇴원 후4주 후에 가능합니다.,차 운전은 병원에서 집에 온 지 한 달이 지나고 해요.,https://www.snuh.org/board/B016/view.do?bbs_no=3584,김하영,자가 운전 퇴원 후 주 후 가능
37,38,일상생활,여행 및 비행기 탑승:비행기 탑승에는 문제가 없습니다.,비행기를 타는 건 괜찮아요.,https://www.snuh.org/board/B016/view.do?bbs_no=3584,김하영,여행 및 비행기 탑승 비행기 탑승 문제
38,39,일상생활,여행은 제한이 없으나 환자 상태를 고려하여 무리하지 않도록 합니다.,놀러 가는 것도 괜찮지만 너무 무리하지 마세요.,https://www.snuh.org/board/B016/view.do?bbs_no=3584,김하영,여행 제한 으나 환자 상태 고려 무리 도록
39,40,병원 방문,"수술부위에 문제(상처 벌어짐, 진물, 염증)가 발생한 경우,선홍색 질 출혈이 있거나 악취 나는 질 분비물이 있는 경우,고체온,다리 부종이 심한 경우,심한 복부 통증이 있는 경우.","만약 아픈 데가 갑자기 벌어지거나, 진물이 나오거나, 빨간 피가 보이거나, 냄새 나는 분비물이 나오거나, 열이 많이 나거나, 다리가 많이 붓거나, 배가 심하게 아프면",https://www.snuh.org/board/B016/view.do?bbs_no=3584,김하영,수술 부위 문제 상처 벌어지 ᆷ 진물 염증 가 발생 경우 선홍색 질 출혈 거나 악취 나 질 분비물 경우 체온 다리 부종 심하 경우 심하 복부 통증 경우
40,41,식사,골고루 충분한 양의균형 잡힌 식사가 가장기본입니다.,"밥은 조금씩 여러 번, 골고루 먹는 게 제일 좋아요.",https://www.snuh.org/board/B016/view.do?bbs_no=3585,김하영,골고루 충분 양 균형 잡히 식사 가장 기본
41,42,식사,"대장 수술 직후 1~2개월까지 상처 치유의 촉진을위하여 고단백, 고칼로리 식이와 비타민 C를 충분히 섭취하십시오.","수술하고 나서 두 달 동안은 고기나 두부 같은 단백질 많은 음식을 많이 먹고, 비타민 C도 많이 드세요.",https://www.snuh.org/board/B016/view.do?bbs_no=3585,김하영,대장 수술 직후 개월 상처 치유 촉진 고 단백 고 칼로리 식이 비타민 충분히 섭취 시
42,43,식사,고기를 고온에서 굽거나 튀길 경우 대장에서 발암작용이 활성화되는 것으로 알려져 있으므로 찌거나 삶아 섭취하는 것이 좋습니다.,고기는 튀기거나 센 불에 굽는 것보다 찌거나 삶아서 먹는 게 좋아요.,https://www.snuh.org/board/B016/view.do?bbs_no=3585,김하영,고기 고온 굽 거나 튀기 경우 대장 발암 작용 활성 알려지 으므로 찌 거나 삶 섭취 좋
43,44,식사,"고섬유질 음식은 수분을 지나치게 흡수시켜서 부종과 변비, 심하면 장유착을 초래할 수 있기 때문에 수술 직후8주 동안은 고섬유질 음식을 줄이는 것이 좋습니다.",섬유질이 많은 음식은 장이 막힐 수 있어서 처음 8주는 너무 많이 먹지 마세요.,https://www.snuh.org/board/B016/view.do?bbs_no=3585,김하영,고 섬유질 음식 수분 지나치 흡수 시키 부종 변비 심 장 유착 초래 있 수술 직후 주 동안 고 섬유질 음식 줄이 좋
44,45,식사,사과등 껍질이 있는 과일은 껍질을 벗겨내고 섭취하며수박이나 참외 등은 씨를 제거하고 섭취하십시오.,사과처럼 껍질 있는 과일은 껍질 벗기고 드세요. 참외나 수박은 씨를 빼고 드세요.,https://www.snuh.org/board/B016/view.do?bbs_no=3585,김하영,사과 껍질 과일 껍질 벗기 내 섭취 수박 이나 참외 씨 제거 섭취 시
45,46,식사,"수술 후 8주 이후부터는 해조류, 콩류 등 섬유질이 풍부한 식품의 섭취가 가능합니다.",두 달이 지나면 미역이나 콩처럼 섬유질 많은 것도 먹어도 괜찮아요.,https://www.snuh.org/board/B016/view.do?bbs_no=3585,김하영,수술 후 주 이후 해 조류 콩 류 섬유질 풍부하 식품 섭취 가능
46,47,식사,"곶감 같은 탄닌 성분이 있는 음식, 덩어리가 장에 걸릴 수 있는 호두, 잣, 땅콩 등의 견과류는 회복된 이후에도 장폐쇄의 위험이 있으므로 주의하십시오.","곶감이나 땅콩, 호두처럼 딱딱하고 덩어리진 음식은 장에 걸릴 수 있어서 조심하세요.",https://www.snuh.org/board/B016/view.do?bbs_no=3585,김하영,곶감 탄닌 성분 음식 덩어리 장 걸리 있 호두 잣 땅콩 견과 류 회복 이후 장 폐쇄 위험 으므로 주의 시
47,48,식사,"밀가루, 옥수수, 생보리로 조리한 음식, 기름에 튀긴 음식, 지방이나 양념이 많은 음식 등은 소화가 잘 되지 않으므로 수술 후 회복기간 동안은 피하는 것이 좋습니다.",기름에 튀긴 음식이나 밀가루 음식은 소화가 잘 안 되니까 피하세요.,https://www.snuh.org/board/B016/view.do?bbs_no=3585,김하영,밀가루 옥수수 생 보리 조리 음식 기름 튀기 음식 지방 이나 양념 많 음식 소화 잘 으므로 수술 후 회복 기간 동안 피하 좋
48,49,식사,"장에 자극되는 음식, 커피나 홍차 등 카페인이 많은 음식, 탄산음료는 설사를 유발하므로 피하는 것이 좋습니다.",커피나 탄산음료는 배가 아플 수 있으니 안 먹는 게 좋아요.,https://www.snuh.org/board/B016/view.do?bbs_no=3585,김하영,장 자극 음식 커피 나 홍차 카페인 많 음식 탄산 음료 설사 유발 므로 피하 좋
49,50,식사,"수술 직후나 항암치료 중에는 홍삼, 상황버섯 등과 같은 건강보조식품이나 상품화된 건강 보조제는 삼갑니다.",홍삼이나 버섯처럼 몸에 좋다고 파는 음식은 수술하고 바로는 먹지 마세요.,https://www.snuh.org/board/B016/view.do?bbs_no=3585,김하영,수술 직후 나 항암 치료 홍삼 상황버섯 건강 보조 식품 이나 상품 건강 보조 제 삼가
50,51,식사,"술, 담배는 회복 후에도 계속 삼갑니다.",술이나 담배는 몸이 다 나은 뒤에도 하지 마세요.,https://www.snuh.org/board/B016/view.do?bbs_no=3585,김하영,술 담배 회복 후 계속 삼가
51,52,식사,"수술 후 한두 달 동안은 설사를 할 수 있으며, 환자에 따라서는 6개월까지 지속되기도 합니다.",수술한 뒤에는 똥이 자주 물처럼 나올 수 있어요. 어떤 사람은 반 년 동안 계속 그래요.,https://www.snuh.org/board/B016/view.do?bbs_no=3585,김하영,수술 후 한두 달 동안 설사 있 으며 환자 개월 지속
52,53,식사,수술 후 배변의 횟수가 줄어들고 변의 굳기가 정상화될 때까지 하루 6~10잔 정도의 충분한 수분 섭취가 필요합니다.,수술하고 나서는 하루에 물을 6잔에서 10잔까지 많이 마시는 게 좋아요.,https://www.snuh.org/board/B016/view.do?bbs_no=3585,김하영,수술 후 배변 횟수 줄어들 변 굳기 정상 하루 잔 정도 충분 수분 섭취 필요
53,54,상처 관리,수술부위 실밥 제거 후 상처에 문제가 없으면 다음날부터 가벼운 샤워가 가능합니다.,실을 빼고 상처가 괜찮으면 다음 날부터 가볍게 씻을 수 있어요.,https://www.snuh.org/board/B016/view.do?bbs_no=3585,김하영,수술 부위 실밥 제거 후 상처 문제 으면 다음 날 가볍 샤워 가능
54,55,상처 관리,1개월 후면 상처가 대부분 완전히 아물기 때문에 통목욕이 가능합니다.,한 달 뒤면 상처가 잘 낫기 때문에 따뜻한 물에 몸을 담가도 괜찮아요.,https://www.snuh.org/board/B016/view.do?bbs_no=3585,김하영,개월 후 상처 대부분 완전히 아물 통 목욕 가능
55,56,운동,복대는 수술 부위를 보호하고 지지하는 효과가 있으므로 1개월 정도까지 산책하거나 활동할 때 착용하십시오.,배에 차는 복대는 아픈 데를 덜 아프게 해줘요. 걷거나 움직일 때는 한 달쯤 착용하세요.,https://www.snuh.org/board/B016/view.do?bbs_no=3585,김하영,복 대 수술 부위 보호 지지 효과 으므로 개월 정도 산책 거나 활동 착용 시
56,57,운동,"산책은 1회 30분 이내, 하루 4회 이상 가볍게 걷는 운동을 하다가 점차운동량을 늘려 나가십시오.","걷는 운동은 한 번에 30분 이내로, 하루에 네 번 이상 천천히 걷다가 점점 늘려가면 좋아요.",https://www.snuh.org/board/B016/view.do?bbs_no=3585,김하영,산책 회 분 이내 하루 회 이상 가볍 걷 운동 다가 점차 운동량 늘리 나가 시
57,58,운동,"수영이나 자전거, 등산 등의 운동은 산책 다음 단계에서 가능합니다.",걷는 게 익숙해지면 수영이나 자전거 타기도 괜찮아요.,https://www.snuh.org/board/B016/view.do?bbs_no=3585,김하영,수영 이나 자전거 등산 운동 산책 다음 단계 가능
58,59,운동,회복이 빠르면 6개월 이후에 평소 즐기던 대부분의 운동이 가능합니다.,몸이 빨리 나으면 6달 뒤에는 원래 하던 운동도 할 수 있어요.,https://www.snuh.org/board/B016/view.do?bbs_no=3585,김하영,회복 빠르 개월 이후 평소 즐기 대부분 운동 가능
59,60,일상생활,가벼운 일상생활은 수술 직후부터 가능합니다.,쉬운 집안일은 수술하고 나서 바로 해도 돼요.,https://www.snuh.org/board/B016/view.do?bbs_no=3585,김하영,가볍 일상생활 수술 직후 가능
60,61,일상생활,"청소, 세탁, 요리 등 가벼운 가사활동은 퇴원 2주 후부터 가능합니다.",청소나 설거지 같은 일은 병원에서 집에 온 지 2주쯤 지나면 할 수 있어요.,https://www.snuh.org/board/B016/view.do?bbs_no=3585,김하영,청소 세탁 요리 가볍 가사 활동 퇴원 주 후 가능
61,62,일상생활,대부분의 경우 사무실 근무는1개월 후 가능합니다.,대부분 사무실에서 일하는 건 1달 뒤쯤 가능해요.,https://www.snuh.org/board/B016/view.do?bbs_no=3585,김하영,대부분 경우 사무실 근무 개월 후 가능
62,63,일상생활,"운전, 여행, 비행기 탑승 등은 대부분 퇴원 1개월 후부터 가능하며, 외래진료 시 상태에 따라 의사와 상의하십시오.","차 타거나, 놀러 가거나, 비행기를 타는 것도 1달 지나면 대부분 괜찮아요. 병원에서 의사 선생님과 꼭 상의해보세요.",https://www.snuh.org/board/B016/view.do?bbs_no=3585,김하영,운전 여행 비행기 탑승 대부분 퇴원 개월 후 가능 외래 진료 시 상태 의사 상의 시
63,64,주의사항,"수술 후 장관이 부분적으로 또는 완전히 막혀 음식물, 소화액, 가스 등 장 내용물이 통과하지 못하는 상태를 말합니다.",배 속이 막혀서 음식이나 공기가 안 나가는 경우가 생길 수 있어요.,https://www.snuh.org/board/B016/view.do?bbs_no=3585,김하영,수술 후 장관 부분 또는 완전히 막히 음식물 소화액 가스 장 내용물 통과 못하 상태
64,65,주의사항,"증상으로는 복부팽만, 메스꺼움, 구역질, 복통 등이 있습니다.","이럴 땐 배가 불룩해지고, 메스꺼우며, 배가 아프기도 해요.",https://www.snuh.org/board/B016/view.do?bbs_no=3585,김하영,증상 복부 팽만 메스껍 음 구역질 복통 있
65,66,주의사항,장유착은 수술 1년 이내에 가장 많이 발생하므로무리하지 않는 범위 내에서 꾸준히 운동함으로써 예방할 수 있습니다.,배 속이 달라붙는 일은 수술한 뒤 1년 안에 많이 생겨요. 무리하지 않는 선에서 자주 걷는 것이 좋아요.,https://www.snuh.org/board/B016/view.do?bbs_no=3585,김하영,장 유착 수술 이내 가장 많이 발생 므로 무리 범위 내 꾸준히 운동 ᆷ 으로써 예방 있
66,67,배변 및 배뇨,설사로 항문 주위가 헐어 통증이 생길 수 있으므로 배변 후에 휴지보다는 샤워기 등을 이용해 물로 씻는 것이 좋으며 비누는 자극이 있으므로 사용하지 않는 것이 좋습니다.,"똥을 자주 싸면 똥꼬가 아플 수 있으니까, 똥을 닦을 땐 휴지 대신 따뜻한 물로 씻는 게 좋아요. 비누는 쓰지 마세요.",https://www.snuh.org/board/B016/view.do?bbs_no=3585,김하영,설사 항문 주위 헐 통증 생기 있 으므로 배변 후 휴지 보다 샤워기 이용 물 씻 좋 으며 비누 자극 으므로 사용 좋
67,68,배변 및 배뇨,항문 주위 피부의 치유를 촉진하고 불편감을 경감시키기 위해 필요한 경우 의사의 지시에 따라 좌욕을 하는 경우가 있습니다.,똥꼬가 아플 때는 따뜻한 물에 앉는 좌욕을 하면 도움이 돼요.,https://www.snuh.org/board/B016/view.do?bbs_no=3585,김하영,항문 주위 피부 치유 촉진 불편 감 경감 시키 필요 경우 의사 지시 좌 욕 경우 있
68,69,배변 및 배뇨,좌욕은 하루 두세 번 배변 직후에 하는 것이 좋고 일반 수돗물을 따뜻하게 하여 1회에 3~5분간 항문을 담그고 앉아있으면 됩니다.,"좌욕은 하루에 두세 번, 똥을 싸고 따뜻한 물에 3~5분 앉아 있으면 돼요.",https://www.snuh.org/board/B016/view.do?bbs_no=3585,김하영,좌욕 하루 두세 번 배변 직후 좋 일반 수돗물 따뜻하 회 분간 항문 담그 앉 으면
69,70,배변 및 배뇨,만약 장루를 가지고 있거나 항암치료중일 경우는 별도의 의사지시에 따르십시오.,장루가 있거나 특별한 치료를 받고 있다면 병원에서 알려준 대로 하세요.,https://www.snuh.org/board/B016/view.do?bbs_no=3585,김하영,만약 장루 가지 거나 항암 치료 경우 별도 의사 지시 시
70,71,병원 방문,상처가 붉게 변하고 통증이 있거나 벌어지면 병원으로 문의하시기 바랍니다.,"상처가 빨갛게 변하거나, 아프거나, 벌어지면 병원에 전화하세요.",https://www.snuh.org/board/B016/view.do?bbs_no=3585,김하영,상처 붉 변하 통증 있 거나 벌어지 병원 문의 시 바라
71,72,병원 방문,"쥐어짜는 듯한 급격한 복부 통증, 38도 이상의 고체온 현상, 복부가 딱딱하게 뭉치는 증상이 지속될 경우 입원하였던 병동에 문의하신 후가까운 병원이나 응급실을 방문하십시오.","배가 세게 아프고, 열이 많이 나고, 배가 단단해질 때는 병원이나 응급실에 바로 가세요.",https://www.snuh.org/board/B016/view.do?bbs_no=3585,김하영,쥐어짜 듯 급격 복부 통증 도 이상 고 체온 현상 복부 딱딱 뭉치 증상 지속 경우 입원 병동 문의 시 후 가깝 병원 이나 응급실 방문 시
72,73,병원 방문,"배액관이 있는 경우 배액량을 매일 기록하여배액량이 갑자기 줄어든 경우에는 배액관이 꼬이거나 꺾였는지 확인하고, 관이 잘 유지되고 있음에도 불구하고 배액이 되지 않거나 양상에 변화가 있으면 병원으로 문의 하십시오.",배에 달린 주머니에서 나오는 양이 갑자기 줄어들면 관이 잘 연결됐는지 확인해 보세요. 그래도 이상하면 병원에 꼭 물어보세요.,https://www.snuh.org/board/B016/view.do?bbs_no=3585,김하영,배액관 있 경우 배액량 매일 기록 배 액 량 갑자기 줄어들 경우 배액관 꼬이 거나 꺾이 는지 확인 관 잘 유지 음 불구 배액 거나 양상 변화 있 으면 병원 문의 시
73,74,병원 방문,튜브가 있는 경우 튜브가 빠지면 즉시 입원하였던 병동에 전화하거나 응급실을 방문하십시오.,관이 빠지면 바로 병원에 전화하거나 응급실에 가야 해요.,https://www.snuh.org/board/B016/view.do?bbs_no=3585,김하영,튜브 경우 튜브 빠지 즉시 입원 병동 전화 거나 응급실 방문 시
74,75,식사,"수술 후 특별히 조심해야할음식은 없으나,짜게 먹거나 성분을 알 수 없는 한약, 건강보조식품, 동물성 고지방 식품등의 섭취는 삼갑니다.","먹는 것 중에서 아주 조심해야 하는 건 없지만, 짠 음식이나 어디서 온 건지 모르는 약이나 보조식품, 기름기 많은 고기는 피하세요.",https://www.snuh.org/board/B016/view.do?bbs_no=3588,김하영,수술 후 특별히 조심 음식 으나 짜 먹 거나 성분 알 한약 건강 보조 식품 동물 고 지방 식품 섭취 삼가
75,76,식사,흡연은 삼가고 정상체중을 유지하십시오.,"담배는 피우지 말고, 몸무게는 너무 많이 늘지 않게 하세요.",https://www.snuh.org/board/B016/view.do?bbs_no=3588,김하영,흡연 삼가 정상 체중 유지 시
76,77,식사,신장 보호를 위해탈수되지 않도록적절한 수분을 섭취하십시오.,신장을 잘 지키려면 몸이 마르지 않도록 물을 자주 마셔야 해요.,https://www.snuh.org/board/B016/view.do?bbs_no=3588,김하영,신장 보호 탈수 도록 적절 수분 섭취 시
77,78,운동,규칙적인 운동과 몸에 부담이 되지 않는 일상활동은 회복 및 치료에 도움이 됩니다.,가볍게 움직이는 건 몸이 나아지는 데 도움이 돼요.,https://www.snuh.org/board/B016/view.do?bbs_no=3588,김하영,규칙 운동 몸 부담 일상 활동 회복 및 치료 도움
78,79,운동,"맨손체조, 가벼운 산책이나 1주일에 2-3회, 30분 정도의 걷기운동은 가능합니다.","체조나 산책처럼 쉬운 운동은 일주일에 2~3번, 한 번에 30분 정도 해도 괜찮아요.",https://www.snuh.org/board/B016/view.do?bbs_no=3588,김하영,맨 손 체조 가볍 산책 이나 주일 회 분 정도 걷 운동 가능
79,80,운동,수술한 부위를 장시간 압박하는 자세는 피하십시오.,수술한 곳을 오래 누르거나 조이는 자세는 피해주세요.,https://www.snuh.org/board/B016/view.do?bbs_no=3588,김하영,수술 부위 장시간 압박 자세 피하 시
80,81,목욕 및 샤워,상처부위의 때를 밀거나 문질러 닦는 것은 수술상처가 완전히 아문 다음 시작하십시오.,상처가 다 낫기 전에는 때를 밀거나 세게 문지르지 마세요.,https://www.snuh.org/board/B016/view.do?bbs_no=3588,김하영,상처 부위 밀 거나 문지르 닦 수술 상처 완전히 아물 다음 시작 시
81,82,상처 관리,"실밥은 보통 수술 1주일 후에 제거하며, 경우에 따라 실밥제거의 시기가 늦어질 수도 있습니다.",실밥은 보통 수술한 지 일주일쯤 지나서 빼요. 늦어질 수도 있어요.,https://www.snuh.org/board/B016/view.do?bbs_no=3588,김하영,실밥 보통 수술 주일 후 제거 경우 실밥 제거 시기 늦 있
82,83,상처 관리,실밥제거 후 수술상처에 특별한 문제가 없다면 더 이상의 상처소독은필요 없습니다.,실밥을 뺀 뒤에 아픈 곳에 문제가 없으면 더 이상 소독하지 않아도 돼요.,https://www.snuh.org/board/B016/view.do?bbs_no=3588,김하영,실밥 제거 후 수술 상처 특별 문제 다면 이상 상처 소독 필요
83,84,통증 관리,수술 후 배가 심하게 아프거나 쥐어짜는 듯한 통증이 있으면 병원에 문의하는 것이 좋습니다.,배가 많이 아프거나 쿡쿡 쑤시면 병원에 물어보는 게 좋아요.,https://www.snuh.org/board/B016/view.do?bbs_no=3588,김하영,수술 후 배 심하 아프 거나 쥐어짜 듯 통증 으면 병원 문의 좋
84,85,통증 관리,상처부위가 가렵고 당기는 증상은 정상적인 경우가 대부분입니다.,상처가 간지럽거나 당기는 느낌이 있어도 보통은 괜찮은 거예요.,https://www.snuh.org/board/B016/view.do?bbs_no=3588,김하영,상처 부위 가렵 당기 증상 정상 경우 대부분
85,86,일상생활,"청소, 세탁, 요리 등 가벼운 가사활동은 퇴원 후 바로 가능합니다.","청소, 빨래, 밥하기 같은 쉬운 집안일은 병원에서 나와서 바로 해도 돼요.",https://www.snuh.org/board/B016/view.do?bbs_no=3588,김하영,청소 세탁 요리 가볍 가사 활동 퇴원 후 바로 가능
86,87,일상생활,"직장으로 복귀는 사무실에 근무하는 경우 1개월 후, 육체노동은 3개월 후부터 가능합니다.","사무실에서 일하는 사람은 한 달 뒤에, 몸을 많이 쓰는 일은 세 달 뒤부터 할 수 있어요.",https://www.snuh.org/board/B016/view.do?bbs_no=3588,김하영,직장 복귀 사무실 근무 경우 개월 후 육체노동 개월 후 가능
87,88,일상생활,수술 후 한 달 정도는 무리한 운동을 피하십시오.,수술한 지 한 달 동안은 힘든 운동은 하지 마세요.,https://www.snuh.org/board/B016/view.do?bbs_no=3588,김하영,수술 후 달 정도 무리 운동 피하 시
88,89,일상생활,수술부위를 지지해주고 걷기에 도움이 된다면 퇴원 후 1개월 동안 착용하십시오.,"수술한 데를 도와주는 복대는 한 달 정도 차고, 누울 땐 벗어도 돼요.",https://www.snuh.org/board/B016/view.do?bbs_no=3588,김하영,수술 부위 지지 걷기 도움 ᆫ다면 퇴원 후 개월 동안 착용 시
89,90,일상생활,장시간 운전은 퇴원 1개월 후부터 가능합니다.,차를 오래 몰고 다니는 건 한 달 지나고 나서 하세요.,https://www.snuh.org/board/B016/view.do?bbs_no=3588,김하영,장시간 운전 퇴원 개월 후 가능
90,91,일상생활,여행 및 비행기 탑승:퇴원 1개월 후부터 가능합니다.,놀러 가거나 비행기를 타는 것도 한 달 뒤부터 괜찮아요.,https://www.snuh.org/board/B016/view.do?bbs_no=3588,김하영,여행 및 비행기 탑승 퇴원 개월 후 가능
91,92,병원 방문,"갑작스러운 옆구리 통증, 복통, 급성 고열, 혈뇨 및 급격한 소변량 감소 등의 증상이 있으면 가까운 병원이나 응급실을 방문 하십시오.",옆구리나 배가 갑자기 아프거나 열이 나고 오줌에 피가 보이면 바로 병원이나 응급실에 가세요.,https://www.snuh.org/board/B016/view.do?bbs_no=3588,김하영,갑작스럽 옆구리 통증 복통 급성 고열 혈뇨 및 급격 소변 량 감소 증상 으면 가깝 병원 이나 응급실 방문 시
92,93,식사,혈뇨가 있을 때는 물을 평소보다 더 많이 마셔야 합니다.,오줌에 피가 나오면 물을 많이 마셔야 해요.,https://www.snuh.org/board/B016/view.do?bbs_no=3589,김하영,혈뇨 물 평소 보다 많이 마시
93,94,식사,"소변을 희석하여 잘 배출하기 위함이며, 소변이 농축되어 혈괴 덩어리가 요도를 막지 않도록 하기 위해서입니다.",물은 오줌을 묽게 해서 잘 나오게 도와줘요. 진한 오줌은 피덩어리를 만들어 길을 막을 수 있어요.,https://www.snuh.org/board/B016/view.do?bbs_no=3589,김하영,소변 희석 잘 배출 ᆷ 소변 농축 혈괴 덩어리 요도 막 도록
94,95,운동,하지만 2주 정도는 배에 힘이 들어가는 무리한 운동을 삼가는 것이 좋습니다.,수술 후 2주 동안은 배에 힘이 많이 들어가는 운동은 하지 마세요.,https://www.snuh.org/board/B016/view.do?bbs_no=3589,김하영,하지만 주 정도 배 힘 들어가 무리 운동 삼가 좋
95,96,목욕 및 샤워,간단한 샤워는 퇴원 후 바로 가능합니다.,병원에서 나온 다음 날부터는 간단하게 씻어도 돼요.,https://www.snuh.org/board/B016/view.do?bbs_no=3589,김하영,간단하 샤워 퇴원 후 바로 가능
96,97,목욕 및 샤워,하지만 오랜 기간 뜨거운 물에 몸을 담그거나 사우나를 하는 것은 수술 후 2주 정도까지 삼가는 것이 좋습니다.,하지만 뜨거운 물에 오래 들어가거나 사우나는 2주 동안 하지 마세요.,https://www.snuh.org/board/B016/view.do?bbs_no=3589,김하영,하지만 오랜 기간 뜨겁 물 몸 담그 거나 사우나 수술 후 주 정도 삼가 좋
97,98,상처 관리,요도를 통해 내시경을 넣어서 수술하기 때문에 흉터가 남지 않습니다.,이 수술은 기계를 넣어서 수술해서 피부에 큰 자국이 남지 않아요.,https://www.snuh.org/board/B016/view.do?bbs_no=3589,김하영,요도 내시경 넣 수술 흉터 남
98,99,일상생활,직장복귀 및 사회활동은 가능합니다.,다시 일하거나 사람들을 만나는 건 괜찮아요.,https://www.snuh.org/board/B016/view.do?bbs_no=3589,김하영,직장 복귀 및 사회 활동 가능
99,100,일상생활,무거운 물건을 들거나 배에 힘이 들어가는 행위는 피하십시오.,무거운 걸 들거나 배에 힘이 들어가는 일은 하지 마세요.,https://www.snuh.org/board/B016/view.do?bbs_no=3589,김하영,무겁 물건 들 거나 배 힘 들어가 행위 피하 시
100,101,일상생활,일상생활은 가능하나 6주 동안은 무리한 신체활동이나 성관계를 피하십시오.,몸을 너무 많이 쓰는 동작이나 성행위는 6주 동안 하지 마세요.,https://www.snuh.org/board/B016/view.do?bbs_no=3589,김하영,일상생활 가능 나 주 동안 무리 신체 활동 이나 성 관계 피하 시
101,102,일상생활,"여행 및 비행기 탑승,운전: 모두 가능합니다.",놀러 가거나 비행기를 타거나 차를 운전해도 괜찮아요.,https://www.snuh.org/board/B016/view.do?bbs_no=3589,김하영,여행 및 비행기 탑승 운전 모두 가능
102,103,일상생활,방광암은 흡연과 연관이 있으므로 금연하십시오.,"담배는 몸에 나빠요, 피우지 마세요.",https://www.snuh.org/board/B016/view.do?bbs_no=3589,김하영,방광암 흡연 연관 으므로 금연 시
103,104,병원 방문,수술 직후에는 일시적으로 이전보다 배뇨증상이 나빠질 수도 있으나 점차 소변 줄기도 굵어지고 쉽게 배뇨할 수 있게 됩니다.,"수술 후에는 오줌이 잘 안 나올 수도 있지만, 시간이 지나면 좋아져요.",https://www.snuh.org/board/B016/view.do?bbs_no=3589,김하영,수술 직후 일시 이전 보다 배뇨 증상 나빠지 있 으나 점차 소변 줄기 굵 쉽 배뇨 있
104,105,병원 방문,"그러나 소변을 자주 보거나, 갑자기 소변이 마려운 증상은 좀 더 많은 시간이 지나야 호전됩니다.",오줌이 자주 마렵거나 갑자기 마려운 느낌은 시간이 지나면 나아져요.,https://www.snuh.org/board/B016/view.do?bbs_no=3589,김하영,그러나 소변 자주 거나 갑자기 소변 마렵 증상 좀 많 시간 지나 호전
105,106,병원 방문,혈뇨는 7~14일가량 나올 수 있으나 점점 옅어집니다.,오줌에 피가 조금 나올 수 있지만 점점 없어져요.,https://www.snuh.org/board/B016/view.do?bbs_no=3589,김하영,혈뇨 일 가량 나오 있 으나 점점 옅
106,107,병원 방문,혈뇨가 심해지거나 소변이 나오지 않으면 병원으로 문의 하십시오.,피가 많이 나거나 오줌이 안 나오면 병원에 가세요.,https://www.snuh.org/board/B016/view.do?bbs_no=3589,김하영,혈뇨 심하 거나 소변 나오 으면 병원 문의 시
107,108,식사,소화기능에는 아무런 변화가 없으므로 모든 음식을 정상적으로 섭취할 수 있습니다.,음식은 원래 먹던 대로 다 먹어도 괜찮아요.,https://www.snuh.org/board/B016/view.do?bbs_no=3590,김하영,소화 기능 아무런 변화 으므로 모든 음식 정상 섭취 있
108,109,식사,"소변의 알칼리화로 인한 배뇨기관의 세균감염, 악취발생, 피부손상 등을 예방하기 위해 충분한 양의 수분 섭취를 하십시오.",오줌에 나쁜 냄새가 나지 않게 물을 많이 마셔 주세요.,https://www.snuh.org/board/B016/view.do?bbs_no=3590,김하영,소변 알칼리 인하 배뇨 기관 세균 감염 악취 발생 피부 손상 예방 충분 양 수분 섭취 시
109,110,운동,"수술 후 특별한 후유증이나 합병증이 없고, 방사선이나 항암화학요법 등의 치료를 마치고 건강이 회복된 때부터는 정상적 활동에 별다른 제약을 받지 않습니다.",수술이 잘 끝나고 몸이 건강해지면 보통처럼 생활해도 괜찮아요.,https://www.snuh.org/board/B016/view.do?bbs_no=3590,김하영,수술 후 특별 후유증 이나 합병증 방사선 이나 항암 화학 요법 치료 마치 건강 회복 정상 활동 별다르 제약 받
110,111,운동,"다만 상대와 신체 접촉이 심한 운동(축구·농구 등의 단체 구기 운동, 태권도, 권투 등의 격투기 운동, 씨름 등)이나 복근을 무리하게 사용하게 되는 운동 또는 노동, 무거운 것을 무리하게 드는 활동 등은 장루에 상처 또는 탈장과 탈출 등을 유발할 수 있으므로 삼가십시오.","다른 사람과 몸을 세게 부딪치는 운동(축구, 농구, 태권도, 씨름 같은 운동)이나 배에 힘이 많이 들어가는 운동이나 일, 무거운 물건을 드는 일은 배에 있는 구멍이나 주머니에 상처가 생기거나 튀어나올 수 있어서 하지 마세요.",https://www.snuh.org/board/B016/view.do?bbs_no=3590,김하영,다만 상대 신체 접촉 심하 운동 축구 농구 단체 구기 운동 태권도 권투 격투기 운동 씨름 이나 복근 무리 사용 운동 또는 노동 무겁 무리 들 활동 장루 상처 또는 탈장 탈출 유발 있 으므로 삼가 시
111,112,목욕 및 샤워,주머니를 착용하지 않고 샤워나 목욕을 해도 장내 압력 때문에 목욕물이 장 속으로 들어가는 일은 없습니다.,주머니를 안 차고 씻어도 물이 안 들어가니까 괜찮아요.,https://www.snuh.org/board/B016/view.do?bbs_no=3590,김하영,주머니 착용 샤워 나 목욕 어도 장내 압력 목욕물 장 속 들어가
112,113,목욕 및 샤워,"목욕은 수술 상처가 완전히 아물면 언제라도 가능하며, 목욕 시에는 요루를 노출시킨 상태에서 주변 피부를 깨끗이 씻어 주는 것도 좋으나, 소변이 나와 목욕물에 유출될 수 있으니 주머니를 착용하십시오.",씻을 땐 주머니도 깨끗하게 닦아 주세요. 오줌이 나올 수 있으니 주머니는 차고 씻는 게 좋아요.,https://www.snuh.org/board/B016/view.do?bbs_no=3590,김하영,목욕 수술 상처 완전히 아물 언제 라도 가능 목욕 시 요루 노출 시키 상태 주변 피부 깨끗이 씻 좋 으나 소변 나오 목욕물 유출 있 으니 주머니 착용 시
113,114,상처 관리,실밥제거 후 수술상처에 특별한 문제가 없다면 더 이상의 치료가 불필요합니다.,실밥을 빼고 상처가 괜찮으면 병원 치료는 더 안 받아도 돼요.,https://www.snuh.org/board/B016/view.do?bbs_no=3590,김하영,실밥 제거 후 수술 상처 특별 문제 다면 이상 치료 불 필요
114,115,통증 관리,급작스러운 통증이 발생할 경우 담당의사와 상의하며 통증조절이 부족할 경우 진통제를 처방받을 수 있습니다.,갑자기 아프면 의사 선생님께 말씀드리세요. 약을 받아서 드시면 괜찮아질 수 있어요.,https://www.snuh.org/board/B016/view.do?bbs_no=3590,김하영,급작스럽 통증 발생 경우 담당 의사 상의 통증 조절 부족 경우 진통제 처방 받 있
115,116,일상생활,무거운 물건을 반복해서 들어 올리는 일 이외에는 일상적인 활동은 전혀 무리가 없으며 직장으로 복귀가 가능합니다.,무거운 물건만 안 들면 일상적인 일은 다 해도 괜찮아요.,https://www.snuh.org/board/B016/view.do?bbs_no=3590,김하영,무겁 물건 반복 들 올리 이외 일상 활동 전혀 무리 으며 직장 복귀 가능
116,117,일상생활,수술로 인해 부득이한 성기능의 장애가 발생되지 않았다면 부부 관계에 문제가 없습니다.,회사나 학교도 다시 다녀도 괜찮아요.,https://www.snuh.org/board/B016/view.do?bbs_no=3590,김하영,수술 인하 부득이 성 기능 장애 발생 다면 부부 관계 문제
117,118,일상생활,착용된 주머니의 이질감과 소음을 없애기 위해서 부부관계 시 주머니를 접어 올린 상태에서 부드러운 복대를 착용하게 되면 전혀 문제가 없습니다.,주머니가 낯설게 느껴지거나 소리가 날까 걱정된다면 부부관계를 할 때 주머니를 접고 부드러운 허리띠 같은 것으로 감싸면 괜찮아요.,https://www.snuh.org/board/B016/view.do?bbs_no=3590,김하영,착용 주머니 이질감 소음 없애 부부 관계 시 주머니 접 올리 상태 부드럽 복대 착용 전혀 문제
118,119,일상생활,자가 운전은 수술 후 4주 이후에 가능합니다.,수술하고 한 달이 지나면 운전해도 괜찮아요.,https://www.snuh.org/board/B016/view.do?bbs_no=3590,김하영,자가 운전 수술 후 주 이후 가능
119,120,일상생활,외출과 여행:요루 보유자라고 해서 여행이 제한될 이유는 전혀 없습니다.,밖에 나가거나 여행을 가는 데 요루가 있다고 해서 못 가는 건 아니에요,https://www.snuh.org/board/B016/view.do?bbs_no=3590,김하영,외출 여행 요루 보유자 라고 여행 제한 이유 전혀
120,121,일상생활,그러나 간단한 외출일지라도 꼭 요루 제품을 한 개씩 휴대해야 합니다.,하지만 짧게 나갈 때도 요루 물건을 하나 챙겨 가는 게 좋아요.,https://www.snuh.org/board/B016/view.do?bbs_no=3590,김하영,그러나 간단 외출 ᆯ지라도 꼭 요루 제품 개 씩 휴대
121,122,일상생활,비행기 여행에서는 만일의 경우를 위해 필히 보조기구를 가지고 타십시오.,비행기를 탈 땐 필요한 물건을 꼭 챙기세요.,https://www.snuh.org/board/B016/view.do?bbs_no=3590,김하영,비행기 여행 만일 경우 필히 보조 기구 가지 타 시
122,123,일상생활,수면 중 최소 한 번은 주머니를 비워야 하므로 소변백을 연결하면 숙면을 취할 수 있습니다.,자면서도 오줌이 찰 수 있으니까 오줌통을 연결하면 편하게 잘 수 있어요.,https://www.snuh.org/board/B016/view.do?bbs_no=3590,김하영,수면 최소 번 주머니 비우 므로 소변 백 연결 숙면 취하 있
123,124,병원 방문,다음의 증상이 있으면 의료진에게 문의하거나 병원을 방문하십시오.,아래와 같은 증상이 있으면 병원에 가세요.,https://www.snuh.org/board/B016/view.do?bbs_no=3590,김하영,다음 증상 으면 의료진 문의 거나 병원 방문 시
124,125,병원 방문,요루나 피부 인접부위에서 과다한 출혈이 지속되는 경우.,오줌 나오는 곳이나 주변에 피가 계속 나면 병원에 가세요.,https://www.snuh.org/board/B016/view.do?bbs_no=3590,김하영,요루 나 피부 인접 부위 과다 출혈 지속 경우
125,126,병원 방문,"요로 감염 소견이 있을 때: 고열, 식욕저하, 소변에서 암모니아 냄새가 날 경우, 옆구리ㆍ요루 주위 및 등쪽의 통증, 요루의 크기와 모양이 변하거나 요루 색깔이 보라색이나 청색으로 변한 경우, 요루 주변 피부에 발적, 부종, 피부발진, 가려움증이 심한 경우.","오줌이 나오는 길에 균이 생겼을 때 나타나는 증상이에요. 열이 나거나 밥맛이 없고, 소변 냄새가 심하게 날 수 있어요. 옆구리나 소변 주머니 근처, 등 쪽이 아플 수도 있고, 주머니 크기나 색깔이 달라질 수도 있어요. 주머니 주변 피부가 빨갛게 되거나 붓고, 간지럽거나 뭐가 나면 꼭 병원에 가야 해요.",https://www.snuh.org/board/B016/view.do?bbs_no=3590,김하영,요로 감염 소견 고 열 식욕 저하 소변 암모니아 냄새 나 경우 옆구리 요루 주위 및 등 쪽 통증 요루 크기 모양 변하 거나 요루 색깔 보라색 이나 청색 변하 경우 요루 주변 피부 발 부종 피부 발진 가려움증 심하 경우
126,127,병원 방문,"고열, 심한 복부통증 및 상처부위 통증, 가스나 대변 배출이 없으면서 토하는 경우.","열이 나고 배가 많이 아프고, 토만 나오면",https://www.snuh.org/board/B016/view.do?bbs_no=3590,김하영,고열 심 복부 통증 및 상처 부위 통증 가스 나 대변 배출 으면서 토하 경우
127,128,장애인 등록,요루수술은 장애인 등록이 가능하오니 의사에게 장애인 진단서를 신청하시어 등록하시기 바랍니다.,오줌 나오는 수술을 한 경우 장애인 등록을 할 수 있어요.,https://www.snuh.org/board/B016/view.do?bbs_no=3590,김하영,요루 수술 장애인 등록 가능 오 니 의사 장애 인 진단서 신청 시 등록 시 바라
128,129,식사,수술 후 6개월 정도까지는 소화관의 적응이 아직 불충분하므로 한꺼번에 많은 양을 먹지 않는 것이 좋습니다.,음식은 한 번에 많이 먹지 말고 조금씩 자주 천천히 먹어요.,https://www.snuh.org/board/B016/view.do?bbs_no=3591,김하영,수술 후 개월 정도 소화관 적응 아직 불 충분 므로 한꺼번에 많 양 먹 좋
129,130,식사,"소량씩, 자주, 천천히, 꼭꼭 씹어서 음식을 섭취하도록 합니다.",처음엔 죽을 먹고 나중에 밥과 반찬으로 바꿔요.,https://www.snuh.org/board/B016/view.do?bbs_no=3591,김하영,소량 씩 자주 천천히 꼭꼭 씹 음식 섭취 도록
130,131,식사,퇴원 후 하루 이틀은 병원에서처럼 죽식을 섭취하다가 보통 1주일 이내에 차츰 진밥과 부드러운반찬 등으로 바꾸게 됩니다.,자기 몸 상태에 맞게 음식을 조절하세요.,https://www.snuh.org/board/B016/view.do?bbs_no=3591,김하영,퇴원 후 하루 이틀 병원 처럼 죽 식 섭취 다가 보통 주일 이내 차츰 지 밥 부드럽 반찬 바꾸
131,132,식사,개인차가 있을 수 있으므로 본인 상태에 따라 식사를 조절하십시오.,너무 짜거나 매운 음식은 피하는 게 좋아요.,https://www.snuh.org/board/B016/view.do?bbs_no=3591,김하영,개인차 있 으므로 본인 상태 식사 조절 시
132,133,식사,"너무 짜거나 맵거나 기름진 음식은 피하는 것이 좋으나, 식사에 관해서 너무 민감해질 필요는 없고 평소대로 먹고 싶은 것을 즐겁게 먹는 것이 가장 중요합니다.","너무 짜거나 맵거나 기름진 음식은 피하는 게 좋지만, 식사 때문에 너무 스트레스받지 마시고 평소 좋아하던 음식을 맛있게 먹는 게 중요해요.",https://www.snuh.org/board/B016/view.do?bbs_no=3591,김하영,너무 짜 거나 맵 거나 기름지 음식 피하 좋 으나 식사 관하 너무 민감 필요 평소 대로 먹 싶 즐겁 먹 가장 중요
133,134,식사,"수술로 인해 소모된 체력을 회복하고체중을 유지하기 위해서는 양질의 단백질 식품을 충분히 공급하는 것이 중요하며, 여러 가지 음식을 골고루 섭취하여 체내에 필요한 영양분이부족하지 않도록 합니다.",수술로 몸이 많이 힘들었을 수 있으니 기운을 차리려면 좋은 단백질이 든 음식을 잘 챙겨 드셔야 해요. 여러 가지 음식을 골고루 먹으면 우리 몸에 필요한 영양을 잘 챙길 수 있어요.,https://www.snuh.org/board/B016/view.do?bbs_no=3591,김하영,수술 인 소모 체력 회복 체중 유지 양질 단백질 식품 충분히 공급 중요 여러 가지 음식 골고루 섭취 체내 필요 영양분 부족 도록
134,135,식사,물은 식사 시간에는 적게 먹고 식사 사이에 충분히 섭취하세요.,"밥 먹을 땐 물을 조금 마시고, 밥 안 먹을 땐 물을 많이 마셔요.",https://www.snuh.org/board/B016/view.do?bbs_no=3591,김하영,물 식사 시간 적 먹 식사 사이 충분히 섭취
135,136,식사,식사 후 20-30분 정도는 휴식을 취해 소화되도록 한 후 운동하러 나갈 때 물을 챙겨 충분히 섭취하도록 합니다.,"물을 마시는 것도 중요해요. 밥 먹을 땐 너무 많이 마시지 말고, 밥 안 먹을 때 물을 자주 마시세요. 밥 먹고 나서 20~30분은 쉬었다가 산책이나 가벼운 활동을 하면서 물을 챙겨 드시면 좋아요.",https://www.snuh.org/board/B016/view.do?bbs_no=3591,김하영,식사 후 분 정도 휴식 취하 소화 도록 후 운동 러 나가 물 챙기 충분히 섭취 도록
136,137,식사,식사하면서 속이 불편하거나 어깨가 결리는 증상이 있다면 음식량이 소화 가능한 식사량보다 많다는 의미이니 더 적게 자주 나누어 먹습니다.,밥을 먹다가 배가 더부룩하거나 어깨가 뻐근하면 밥을 너무 많이 먹었다는 신호예요. 이럴 땐 조금씩 나눠 먹는 게 좋아요.,https://www.snuh.org/board/B016/view.do?bbs_no=3591,김하영,식사 속 불편 거나 어깨 결리 증상 다면 음식 량 소화 가능 식사량 보다 많 의미 니 적 자주 나누 먹
137,138,식사,그럼에도 불구하고 증상이 지속되면 장폐색이나 문합부 협착의 가능성이 있으므로 병원을 방문해야 합니다.,그래도 이런 느낌이 계속되면 장이 막히거나 좁아진 걸 수도 있으니까 꼭 병원에 가세요.,https://www.snuh.org/board/B016/view.do?bbs_no=3591,김하영,그렇 ᆷ 불구 증상 지속 장폐색 이나 문합부 협착 가능 으므로 병원 방문
138,139,식사,"건강보조식품(상황버섯, 홍삼, 느릅나무 껍질 등)은 간에 부담을 줄 수 있으므로 삼갑니다.",홍삼이나 버섯 같은 건강식품은 간에 안 좋아요. 먹지 마세요.,https://www.snuh.org/board/B016/view.do?bbs_no=3591,김하영,건강 보조 식품 상황버섯 홍삼 느릅나무 껍질 간 부담 주 있 으므로 삼가
139,140,식사,술ㆍ담배는 피하는 것이 좋습니다.,술이나 담배는 안 하는 게 좋아요.,https://www.snuh.org/board/B016/view.do?bbs_no=3591,김하영,술 담배 피하 좋
140,141,운동,산책과 같은 운동을 꾸준히 하는 것이 수술 후 회복을 도와주고 장 유착을 줄이는 데에도 도움이 될 수 있습니다.,"수술하고 나서는 걷기 같은 가벼운 운동을 자주 하면 몸이 빨리 좋아지고, 배 속 장기가 서로 붙는 것도 줄일 수 있어요.",https://www.snuh.org/board/B016/view.do?bbs_no=3591,김하영,산책 운동 꾸준히 수술 후 회복 돕 장 유착 줄이 데 도움 있
141,142,운동,가벼운 운동은 수술 후 회복에 도움을 줍니다.,"몸이 많이 약해졌을 때나 약 치료를 받고 있어도, 몸 상태가 괜찮으면 가볍게 움직이는 게 좋아요.",https://www.snuh.org/board/B016/view.do?bbs_no=3591,김하영,가볍 운동 수술 후 회복 도움 주
142,143,운동,강도를 조절하면서 서서히 시작하는 것이 좋습니다.,"너무 무리하지 말고 천천히, 내 몸에 맞게 조금씩 운동을 늘려가세요.",https://www.snuh.org/board/B016/view.do?bbs_no=3591,김하영,강도 조절 서서히 시작 좋
143,144,운동,항암화학요법을 받는 경우에도 몸의 상태에 맞게 운동하시면 됩니다.,약을 먹는 중이어도 내 몸에 맞게 움직이면 좋아요.,https://www.snuh.org/board/B016/view.do?bbs_no=3591,김하영,항암 화학 요법 받 경우 몸 상태 맞 운동 시
144,145,운동,퇴원 후에 복대를 계속 착용하고 있을 필요는 없습니다.,복대는 계속 안 차도 괜찮아요.,https://www.snuh.org/board/B016/view.do?bbs_no=3591,김하영,퇴원 후 복 대 계속 착용 필요
145,146,목욕 및 샤워,샤워는 실밥을 제거한 후 2~3일 후부터 가능합니다.,실밥 뺀 뒤 2~3일 지나면 씻을 수 있어요.,https://www.snuh.org/board/B016/view.do?bbs_no=3591,김하영,샤워 실밥 제거 후 후 가능
146,147,목욕 및 샤워,"탕에 들어가는 목욕은 실밥을 제거한 후 1달 후부터 가능하며,고령 환자의 경우 다른 가족의 도움을 받아 함께 하는 것이 안전합니다.",뜨거운 탕 목욕은 실밥 뺀 뒤 1달 후에 해요. 나이 많은 분은 가족과 함께 하는 게 좋아요.,https://www.snuh.org/board/B016/view.do?bbs_no=3591,김하영,탕 들어가 목욕 실밥 제거 후 달 후 가능 고령 환자 경우 다른 가족 도움 받 함께 안전
147,148,상처 관리,실밥제거 후상처에문제가 없으면더 이상의 치료(상처소독)는불필요 합니다.,상처가 괜찮으면 치료는 더 안 해도 돼요.,https://www.snuh.org/board/B016/view.do?bbs_no=3591,김하영,실밥 제거 후 상처 문제 으면 이상 치료 상처 소독 늘 불 필요
148,149,통증 관리,"당기는 듯한 느낌은 정상적으로 생길 수 있으나, 상처외의뱃속에서 참기 힘든 정도의 쥐어짜는 듯한 통증이 지속되면 병원을 방문하도록 합니다.",상처가 약간 당기고 이상한 느낌이 들어도 괜찮은 경우가 많아요. 그런데 배 속에서 아픈 느낌이 계속되거나 참기 어려우면 꼭 병원에 가야 해요.,https://www.snuh.org/board/B016/view.do?bbs_no=3591,김하영,당기 듯 느낌 정상 생기 있 으나 상처 외 뱃속 참 힘들 정도 쥐어짜 듯 통증 지속 병원 방문 도록
149,150,일상생활,"청소, 세탁, 요리 등 가벼운 가사활동은 합병증이 없다면 보통1개월 후부터 가능합니다.","설거지나 빨래, 밥하기 같은 가벼운 집안일은 수술한 뒤 몸이 괜찮다면 보통 한 달 정도 지나면 시작할 수 있어요.",https://www.snuh.org/board/B016/view.do?bbs_no=3591,김하영,청소 세탁 요리 가볍 가사 활동 합병증 다면 보통 개월 후 가능
150,151,일상생활,퇴원 후 1개월이 지나면 정상적으로 직장에 복귀할 수 있습니다.,퇴원하고 한 달이 지나면 회사에 다시 나갈 수 있어요.,https://www.snuh.org/board/B016/view.do?bbs_no=3591,김하영,퇴원 후 개월 지나 정상 직장 복귀 있
151,152,일상생활,"그러나 출근을 시작한 후 당분간은 육체적으로 절대 무리하지 말아야 하며, 특히 규칙적인 영양 섭취에 지장을 받지 않도록 주의하십시오.","하지만 처음 일할 때는 무리하지 말고, 밥도 잘 챙겨 먹어야 해요.",https://www.snuh.org/board/B016/view.do?bbs_no=3591,김하영,그러나 출근 시작 후 당분간 육체 절대 무리 말 특히 규칙 영양 섭취 지장 받 도록 주의 시
152,153,일상생활,가벼운 일상생활은 가능합니다.,집에서 하는 간단한 일은 해도 괜찮아요.,https://www.snuh.org/board/B016/view.do?bbs_no=3591,김하영,가볍 일상생활 가능
153,154,일상생활,대부분 퇴원 1개월 후부터 가능하나 외래방문 시 상태를 확인한 후 결정됩니다.,"보통은 퇴원하고 한 달 후부터 할 수 있지만, 병원에 가서 괜찮은지 확인한 다음에 시작하는 게 좋아요.",https://www.snuh.org/board/B016/view.do?bbs_no=3591,김하영,대부분 퇴원 개월 후 가능 나 외래 방문 시 상태 확인 후 결정
154,155,일상생활,퇴원 후 합병증이 없다면 대부분 가능하나 외래방문 시 상태를 확인한 후 결정하시는 것이 안전합니다.,"몸에 다른 문제가 없으면 할 수 있지만, 병원에 가서 다시 확인하고 시작하는 게 더 안전해요.",https://www.snuh.org/board/B016/view.do?bbs_no=3591,김하영,퇴원 후 합병증 다면 대부분 가능 나 외래 방문 시 상태 확인 후 결정 시 안전
155,156,병원 방문,퇴원 2-3주 후 외과외래를 방문합니다.,퇴원하고 2-3주가 지나면 병원 외과에 다시 가요.,https://www.snuh.org/board/B016/view.do?bbs_no=3591,김하영,퇴원 주 후 외과외래 방문
156,157,병원 방문,종양내과와 항암치료에 대해 상의를 해야할 경우 함께 예약을 해 드립니다.,항암 치료를 해야 하는지 물어보려면 병원에서 예약해줘요.,https://www.snuh.org/board/B016/view.do?bbs_no=3591,김하영,종양 내과 항암 치료 상의 경우 함께 예약 드리
157,158,병원 방문,합병증과 재발 여부를 관찰하기 위해 완치를 시사하는 시점인 5년까지 정기적으로 외래를 방문하게 됩니다.,몸이 다시 아픈지 확인하려면 수술하고 나서도 5년 동안 병원에 가서 자주 확인해야 해요.,https://www.snuh.org/board/B016/view.do?bbs_no=3591,김하영,합병증 재발 여부 관찰 완치 시사 시점 정기 외래 방문
158,159,병원 방문,"퇴원 후에도 각종 수술 후 합병증이 발현할 수 있으므로, 갑작스러운 복통, 복부팽만, 가스 배출 지연, 고열, 구토, 수술상처 염증 등의 증상이 있으면 가까운 병원이나 본원응급실을 방문하도록 합니다.","수술하고 나서도 갑자기 배가 아프거나, 배가 많이 부풀거나, 방귀가 안 나오는 것처럼 이상하면 병원에 빨리 가야 해요.",https://www.snuh.org/board/B016/view.do?bbs_no=3591,김하영,퇴원 후 각종 수술 후 합병증 발현 있 으므로 갑작 스럽 복통 복부 팽만 가스 배출 지연 고열 구토 수술 상처 염증 증상 으면 가깝 병원 이나 본원 응급실 방문 도록
159,160,식사,수술 후 제한하는 음식은 없으므로 골고루 충분한 식사를 섭취하십시오.,"먹으면 안 되는 특별한 음식은 없고, 골고루 잘 먹는 게 좋아요.",https://www.snuh.org/board/B016/view.do?bbs_no=3593,김하영,수술 후 제한 음식 으므로 골고루 충분 식사 섭취 시
160,161,식사,소변에 섞여있는 점액질을 씻어내도록 하루 8컵 정도의 수분을 섭취하십시오.,소변에 섞인 끈적한 것을 씻어내려면 물을 하루에 8컵 정도 마셔요.,https://www.snuh.org/board/B016/view.do?bbs_no=3593,김하영,소변 섞이 점액질 씻 내 도록 하루 컵 정도 수분 섭취 시
161,162,식사,지나친 비만의 경우 회복이 늦고 사망률이 증가하므로 정상체중을 유지하십시오.,뚱뚱해지면 회복이 늦고 위험하니까 몸무게를 잘 유지해요.,https://www.snuh.org/board/B016/view.do?bbs_no=3593,김하영,지나치 비만 경우 회복 늦 사망 률 증가 므로 정상 체중 유지 시
162,163,식사,술은 가능한 절제하십시오.,술은 많이 마시지 마세요.,https://www.snuh.org/board/B016/view.do?bbs_no=3593,김하영,술 가능 절제 시
163,164,식사,흡연은 말초로 가는 혈액순환을 방해하여 상처를 잘 낫지 않게 하므로 금연하십시오.,담배는 피지 마세요. 담배는 피를 잘 안 돌게 해서 상처가 잘 안 나아요.,https://www.snuh.org/board/B016/view.do?bbs_no=3593,김하영,흡연 말초 가 혈액 순환 방해 상처 잘 낫 므로 금연 시
164,165,운동,처음 1달 동안은 일정하게 하루 30분~1시간 정도로 가볍게 걷는 것이 좋습니다.,처음 한 달 동안은 매일 30분에서 1시간 정도 천천히 걸어요.,https://www.snuh.org/board/B016/view.do?bbs_no=3593,김하영,처음 달 동안 일정 하루 분 시간 정도 가볍 걷 좋
165,166,운동,"회복이 되면 수영, 자전거, 등산, 골프 등의 운동은 가능하나 과격하고 무리한 운동은 피하십시오.","몸이 괜찮아지면 수영, 자전거, 산책, 골프 같은 운동은 해도 돼요. 하지만 너무 힘든 운동은 하지 마세요.",https://www.snuh.org/board/B016/view.do?bbs_no=3593,김하영,회복 수영 자전거 등산 골프 운동 가능 나 과격 무리 운동 피하 시
166,167,운동,퇴원 후 4주 이내에는 복압상승으로 상처에 압력이 가해지고 탈장이 발생 할 수 있으므로 무거운 물건은 들지 마십시오.,퇴원하고 4주 동안은 배에 힘이 너무 들어가면 안 좋아요. 무거운 물건 들지 마세요.,https://www.snuh.org/board/B016/view.do?bbs_no=3593,김하영,퇴원 후 주 이내 복 압 상승 상처 압력 가하 탈장 발생 있 으므로 무겁 물건 들 말 시
167,168,운동,되도록 허리 굽히는 일도 피하십시오.,허리를 많이 굽히지 마세요.,https://www.snuh.org/board/B016/view.do?bbs_no=3593,김하영,되도록 허리 굽히 피하 시
168,169,운동,수술 후 항암화학요법이나 방사선 치료 중인 경우 가벼운 산책 정도만 하십시오.,항암제나 레이저를 받고 있을 때는 산책처럼 쉬운 운동만 하세요.,https://www.snuh.org/board/B016/view.do?bbs_no=3593,김하영,수술 후 항암 화학 요법 이나 방사선 치료 경우 가볍 산책 정도 시
169,170,운동,수술 후 1~2개월까지는 산책 시 복대를 착용 하십시오.,수술하고 1-2달 동안은 걸을 때 복대를 차는 게 좋아요.,https://www.snuh.org/board/B016/view.do?bbs_no=3593,김하영,수술 후 개월 산책 시 복대 착용 시
170,171,목욕 및 샤워,수술 후 배액관을 가지고 퇴원하였을 경우 배액관 삽입부위에 물이 들어가지 않도록 주의해주십시오.,배에 관을 차고 집에 왔다면 물이 그 쪽에 들어가지 않게 조심하세요.,https://www.snuh.org/board/B016/view.do?bbs_no=3593,김하영,수술 후 배액관 가지 퇴원 경우 배액관 삽입 부위 물 들어가 도록 주의 시
171,172,목욕 및 샤워,상처가 완전히 아물 때까지는 목욕을 하지 마십시오.,상처가 다 낫기 전까지는 목욕하지 마세요.,https://www.snuh.org/board/B016/view.do?bbs_no=3593,김하영,상처 완전히 아물 목욕 말 시
172,173,상처 관리,실밥 제거 후에는 상처 관리를 할 필요가 없습니다.,실밥을 뺀 뒤에는 상처를 따로 관리하지 않아도 돼요.,https://www.snuh.org/board/B016/view.do?bbs_no=3593,김하영,실밥 제거 후 상처 관리 필요
173,174,상처 관리,튜브를 삽입한 경우에는 삽입부위를 2~3일마다 소독해야 합니다.,"몸에 튜브가 있으면, 2~3일에 한 번씩 깨끗하게 닦아줘야 해요.",https://www.snuh.org/board/B016/view.do?bbs_no=3593,김하영,튜브 삽입 경우 삽입 부위 마다 소독
174,175,통증 관리,"급작스러운 통증이 발생할 경우 담당의사와 상의하며, 통증조절이 부족할 경우 진통제를 처방받을 수 있습니다.","갑자기 배가 많이 아프면 병원에 물어보세요. 약을 먹어도 아프면, 병원에서 진통제를 줄 수 있어요.",https://www.snuh.org/board/B016/view.do?bbs_no=3593,김하영,급작스럽 통증 발생 경우 담당 의사 상의 통증 조절 부족 경우 진통제 처방 받 있
175,176,일상생활,"사무실에 근무하는 경우 1개월 후, 육체노동은 3개월 후부터 가능합니다.",회사에서 앉아서 일하는 사람은 수술하고 1달이 지나면 다시 일할 수 있어요. 몸을 많이 쓰는 일은 3달 후부터 해요.,https://www.snuh.org/board/B016/view.do?bbs_no=3593,김하영,사무실 근무 경우 개월 후 육체노동 개월 후 가능
176,177,일상생활,배액관을 가지고 있을 경우 배액관이 꺾이거나 외부 압력에 의해 막히지 않도록 주의해서 활동합니다.,배액관을 가지고 있다면 그 관이 구부러지거나 눌리지 않게 조심해야 해요.,https://www.snuh.org/board/B016/view.do?bbs_no=3593,김하영,배 액 관 가지 경우 배액관 꺾이 거나 외부 압력 의하 막히 도록 주의 활동
177,178,일상생활,한 달 정도는 무리한 운동을 피하십시오.,한 달 동안은 너무 힘든 운동은 하지 마세요.,https://www.snuh.org/board/B016/view.do?bbs_no=3593,김하영,달 정도 무리 운동 피하 시
178,179,일상생활,4주 정도는 되도록 운전을 삼가십시오.,한 달 동안은 운전을 하지 않는 게 좋아요.,https://www.snuh.org/board/B016/view.do?bbs_no=3593,김하영,주 정도 도록 운전 삼가 시
179,180,일상생활,가장 좋은 기준은 통증이 지속되는 동안에는 운전하지 않는 것입니다.,배가 아프거나 힘들면 운전하지 않는 게 제일 좋아요.,https://www.snuh.org/board/B016/view.do?bbs_no=3593,김하영,가장 좋 기준 통증 지속 동안 운전
180,181,일상생활,마약성 진통제를 복용할 때에는 절대로 자동차나 오토바이를 운전하지 마십시오.,진통제을 먹는 날은 절대로 차나 오토바이를 운전하면 안 돼요.,https://www.snuh.org/board/B016/view.do?bbs_no=3593,김하영,마약 진통제 복용 절대로 자동차 나 오토바이 운전 말 시
181,182,일상생활,장거리 여행을 계획 시 매 두 시간마다 휴식을 취해야 합니다.,멀리 여행을 갈 때는 두 시간마다 쉬는 게 좋아요.,https://www.snuh.org/board/B016/view.do?bbs_no=3593,김하영,장거리 여행 계획 시 매 두 시간 마다 휴식 취하
182,183,일상생활,퇴원 후 1개월째부터는 여행 및 비행기 탑승이 가능합니다.,병원에서 퇴원한 지 한 달이 지나면 여행이나 비행기를 탈 수 있어요.,https://www.snuh.org/board/B016/view.do?bbs_no=3593,김하영,퇴원 후 개월 째 여행 및 비행기 탑승 가능
183,184,병원 방문,"고열, 심한 복부통증 및 상처부위 통증, 가스나 대변 배출이 없으면서 토하는 경우, 상처부위의 발적, 분비물 발생 시, 소변량이 감소하거나 소변에서 심한 냄새가 나고 탁해질 경우에는 병원을 방문하십시오.",다음과 같은 증상이 생기면 꼭 병원에 가세요: 몸에 열이 많이 나요. 배나 아픈 곳이 많이 아파요. 방귀나 똥이 안 나와요. 토를 해요. 상처에 진물 같은 게 나와요. 오줌이 잘 안 나와요.오줌 냄새가 너무 심하게 나거나 뿌옇게 보여요.,https://www.snuh.org/board/B016/view.do?bbs_no=3593,김하영,고열 심 복부 통증 및 상처 부위 통증 가스 나 대변 배출 으면서 토하 경우 상처 부위 발 분비물 발생 시 소변 량 감소 거나 소변 심하 냄새 나 탁하 경우 병원 방문 시
184,185,배변 및 배뇨,인조방광 용적을 넓히기 위해 정해진 시간마다 배뇨하도록 합니다.,수술한 방광의 양을 늘리기 위해 꼭 정해진 시간에 화장실에 가야 해요.,https://www.snuh.org/board/B016/view.do?bbs_no=3593,김하영,인조 방광 용적 넓히 정하 시간 마다 배뇨 도록
185,186,배변 및 배뇨,목표는 매 4시간마다 배뇨하는 것입니다.,4시간마다 소변을 보는 게 좋아요.,https://www.snuh.org/board/B016/view.do?bbs_no=3593,김하영,목표 매 시간 마다 배뇨
186,187,배변 및 배뇨,"하지만, 4시간까지 소변을 참을 수 없다고 걱정할 필요는 없습니다.",4시간을 못 참아도 걱정하지 마세요.,https://www.snuh.org/board/B016/view.do?bbs_no=3593,김하영,하지만 시간 소변 참 걱정 필요
187,188,배변 및 배뇨,"배뇨 시 500ml 이상 소변이 나오면, 좀 더 자주 소변을 보아야 합니다.","한 번에 오줌이 500ml보다 많이 나오면, 더 자주 화장실에 가야 해요.",https://www.snuh.org/board/B016/view.do?bbs_no=3593,김하영,배뇨 시 이상 소변 나오 좀 자주 소변
188,189,배변 및 배뇨,만일 방광 팽만감이 있는데 배뇨를 할 수 없다면 스스로 카테터를 넣어 소변을 빼야 합니다.,"배가 빵빵한데도 오줌이 안 나오면, 스스로 관을 넣어서 오줌을 빼야 해요.",https://www.snuh.org/board/B016/view.do?bbs_no=3593,김하영,만일 방광 팽만 감 는데 배뇨 다면 스스로 카테터 넣 소변 빼
189,190,배변 및 배뇨,배뇨 없이 6시간 이상을 기다리지 말아야 합니다.,6시간 동안 오줌을 안 보면 안 돼요.,https://www.snuh.org/board/B016/view.do?bbs_no=3593,김하영,배뇨 없이 시간 이상 기다리 말
190,191,배변 및 배뇨,수술 후 소변줄을 제거한 뒤 요실금이 발생할 수 있으며 골반근육운동을 8~12주 이상 꾸준히 시행하시고 성인용 패드를 사용하시면 됩니다.,소변줄을 빼고 나면 오줌이 새는 경우가 있어요. 그럴 땐 골반 운동을 8주~12주 동안 꾸준히 하고 기저귀를 쓰세요.,https://www.snuh.org/board/B016/view.do?bbs_no=3593,김하영,수술 후 소변 줄 제거 뒤 요실금 발생 있 으며 골반 근육 운동 주 이상 꾸준히 시행 시 성인 용 패드 사용 시
191,192,배변 및 배뇨,저녁에 술이나 수분섭취를 제한하십시오.,저녁에는 술이나 물을 너무 많이 마시지 마세요.,https://www.snuh.org/board/B016/view.do?bbs_no=3593,김하영,저녁 술 이나 수분 섭취 제한 시
192,193,운동,"배나 다리, 엉덩이 근육이 아닌 골반 근육만을 수축과 이완을 합니다.","배나 다리, 엉덩이 힘 말고, 골반 근육만 조이고 풀어요.",https://www.snuh.org/board/B016/view.do?bbs_no=3593,김하영,배 나 다리 엉덩이 근육 골반 근육 수축 이완
193,194,운동,"소변을 보는 중간에 소변 줄기를 끊고 참아보거나, 방귀가 나오는 것을 참으려고 할 때처럼 하시면 됩니다.","오줌을 누다가 잠깐 멈춰보거나, 방귀를 참는 느낌으로 하면 돼요.",https://www.snuh.org/board/B016/view.do?bbs_no=3593,김하영,소변 중간 소변 줄기 끊 참 보 거나 방귀 나오 참 으려고 처럼 시
194,195,운동,매일 꾸준히 운동해야 하며 하루 30회에서 점차 100회까지 늘여갑니다.,매일 운동을 꾸준히 하세요. 하루에 30번부터 시작해서 100번까지 조금씩 늘려요.,https://www.snuh.org/board/B016/view.do?bbs_no=3593,김하영,매일 꾸준히 운동 하루 회 점차 회 늘이 가
195,196,운동,한 번 운동할 때 20분 이상 하지 마십시오.,한 번 운동할 때는 20분을 넘기지 않도록 해요.,https://www.snuh.org/board/B016/view.do?bbs_no=3593,김하영,번 운동 분 이상 말 시
196,197,식사,가리는 것 없이골고루 드십시오.,음식을 안 가리고 골고루 먹는 게 좋아요.,https://www.snuh.org/board/B016/view.do?bbs_no=3595,김하영,가리 없이 골고루 들 시
197,198,식사,"골다공증 예방을 위해 칼슘이 많이 함유된 음식을 드십시오(우유, 요플레, 치즈, 멸치, 뼈째 먹는 생선, 김, 미역, 다미사,두부, 두유 등).","뼈가 튼튼하려면 칼슘이 많은 음식을 먹어요. 예를 들면 우유, 요거트, 치즈, 멸치, 뼈째 먹는 생선, 김, 미역, 다시마, 두부, 두유 등이에요.",https://www.snuh.org/board/B016/view.do?bbs_no=3595,김하영,골다공증 예방 칼슘 많이 함유 음식 들 시 ᆸ시오 우유 요플레 치즈 멸치 뼈 째 먹 생선 김 미역 다 미사 두부 두유
198,199,식사,"난소를 함께 제거한 경우 폐경 증상 완화를 위해 식물성 에스트로겐이 함유된 식품을 드십시오(콩 제품,두유, 연두부, 순두부,된장, 녹황색 콩, 해바라기 씨등).","난소를 같이 수술한 경우엔 몸에 좋은 콩 음식(두유, 된장, 콩, 해바라기 씨 등)을 먹는 게 좋아요.",https://www.snuh.org/board/B016/view.do?bbs_no=3595,김하영,난소 함께 제거 경우 폐경 증상 완화 식물 에스트로겐 함유 식품 드시 ᆸ시오 콩 제품 두유 연두부 순두부 된장 녹황색 콩 해바라기 씨
199,200,식사,"철분이 많이 함유된 음식(간, 소라, 굴, 바지락, 멸치, 장어, 고등어, 파슬리, 시금치, 호박, 당근, 감자, 미역, 다시마, 김 등)과 함께 신선한 채소와 과일을 드십시오.","피가 부족하지 않게 하려면 간, 조개, 멸치, 생선, 시금치 같은 음식과 함께 채소와 과일도 많이 먹어요.",https://www.snuh.org/board/B016/view.do?bbs_no=3595,김하영,철분 많이 함유 음식 간 소라 굴 바지락 멸치 장어 고등어 파슬리 시금치 호박 당근 감자 미역 다시마 김 함께 신선 채소 과일 들 시
200,201,목욕 및 샤워,방사선 치료를 받을 경우 치료 받는 동안에는 샤워나 목욕을 삼가십시오.,방사선 치료를 받는 동안에는 씻거나 목욕하지 마세요.,https://www.snuh.org/board/B016/view.do?bbs_no=3595,김하영,방사선 치료 받 경우 치료 받 동안 샤워 나 목욕 삼가 시
201,202,상처 관리,"수술상처의실밥 제거 후상처에 문제(상처 벌어짐, 염증 증상)가 없으면 더 이상의 상처 치료는 하지 않습니다.",실밥을 빼고 상처가 벌어지지 않고 덧나지 않으면 더 이상 치료하지 않아도 돼요.,https://www.snuh.org/board/B016/view.do?bbs_no=3595,김하영,수술 상처 실밥 제거 후 상처 문제 상처 벌어지 염증 증상 가 으면 이상 상처 치료
202,203,상처 관리,복대는 수술상처를 지지하여 복부의 편안함을 위한 것으로 퇴원 후 4주정도 착용하고 누워있을 때는 풀어 놓으셔도 됩니다.,배를 감싸는 천은 배가 편하게 도와주는 거예요. 4주 동안은 하고 있다가 누울 때는 풀어놔도 괜찮아요.,https://www.snuh.org/board/B016/view.do?bbs_no=3595,김하영,복 대 수술 상처 지지 복부 편안 ᆷ 퇴원 후 주정 착용 눕 풀 놓 으시 어도
203,204,통증 관리,통증 조절을 위해 처방된 약을복약 지시에 따라 복용하십시오.,아픈 걸 덜기 위해 받은 약은 알려준 대로 먹어야 해요.,https://www.snuh.org/board/B016/view.do?bbs_no=3595,김하영,통증 조절 처방 약 복약 지시 복용 시
204,205,일상생활,"할 수 있는 만큼의청소, 세탁, 요리 등 가벼운 가사 활동은가능합니다.","힘들지 않은 청소, 빨래, 밥 하기 같은 집안일은 해도 돼요.",https://www.snuh.org/board/B016/view.do?bbs_no=3595,김하영,있 만큼 청소 세탁 요리 가볍 가사 활동 가능
205,206,일상생활,수술 후 회복 상태에 따라 차이가 있을 수 있으며 퇴원 6주후에는사회 활동이가능합니다.,사람마다 몸이 낫는 속도가 다르지만 보통 6주가 지나면 밖에서 활동할 수 있어요.,https://www.snuh.org/board/B016/view.do?bbs_no=3595,김하영,수술 후 회복 상태 차이 있 으며 퇴원 주 후 사회 활동 가능
206,207,일상생활,항암치료나 방사선치료 중에는 환자 상태에 따라 사회 활동 가능 시기가 달라질 수 있습니다.,약을 먹거나 치료받는 중이면 밖에서 활동할 수 있는지는 몸 상태를 보고 결정해요.,https://www.snuh.org/board/B016/view.do?bbs_no=3595,김하영,항암 치료 나 방사선 치료 환자 상태 사회 활동 가능 시기 달라지 있
207,208,일상생활,자가 운전은 퇴원 후 4주 후에 가능합니다.,차를 직접 모는 건 4주 지나고 나서부터 할 수 있어요.,https://www.snuh.org/board/B016/view.do?bbs_no=3595,김하영,자가 운전 퇴원 후 주 후 가능
208,209,일상생활,여행은 제한이 없으나 환자 상태를 고려하여 무리하지 않도록 합니다.,여행이나 비행기 타는 건 가능하지만 무리하지 마세요.,https://www.snuh.org/board/B016/view.do?bbs_no=3595,김하영,여행 제한 으나 환자 상태 고려 무리 도록
209,210,일상생활,비행기 탑승에는 문제가 없습니다.,비행기 타는 건 문제 없어요.,https://www.snuh.org/board/B016/view.do?bbs_no=3595,김하영,비행기 탑승 문제
210,211,병원 방문,"수술부위에 문제(상처 벌어짐, 진물, 염증)가 발생한 경우.",상처가 벌어지거나 진물이 나오거나 덧나면 병원에 가야 해요.,https://www.snuh.org/board/B016/view.do?bbs_no=3595,김하영,수술 부위 문제 상처 벌어지 ᆷ 진물 염증 가 발생 경우
211,212,병원 방문,선홍색 질 출혈이 있거나 악취 나는 질 분비물이 있는 경우.,밑에서 피가 나거나 냄새나는 분비물이 나오면 병원에 가야 해요.,https://www.snuh.org/board/B016/view.do?bbs_no=3595,김하영,선홍색 질 출혈 거나 악취 나 질 분비물 경우
212,213,병원 방문,배뇨 곤란이 있거나 잔뇨감이 있는 경우.,오줌 누기 힘들거나 오줌이 남아있는 느낌이 있으면,https://www.snuh.org/board/B016/view.do?bbs_no=3595,김하영,배뇨 곤란 거나 잔뇨 감 경우
213,214,주의사항,질 내의 상처 회복을 위해 퇴원 후 6~8주 동안 성생활을 삼가십시오.,다 낫기 전까지는 두 달 동안 부부관계는 하지 마세요.,https://www.snuh.org/board/B016/view.do?bbs_no=3595,김하영,질 내 상처 회복 퇴원 후 주 동안 성생활 삼가 시
214,215,주의사항,항암제 치료 중에도 성생활은 가능합니다.,약을 먹는 중이어도 부부관계는 할 수 있어요.,https://www.snuh.org/board/B016/view.do?bbs_no=3595,김하영,항암제 치료 성생활 가능
215,216,주의사항,자가 배뇨를 못하는 경우 신장 손상을 예방하기 위해 자가 도뇨가 필요합니다.,혼자 오줌을 못 누면 신장이 다치지 않게 오줌을 빼는 걸 해야 해요.,https://www.snuh.org/board/B016/view.do?bbs_no=3595,김하영,자가 배뇨 못 경우 신장 손상 예방 자가 도뇨 필요
216,217,주의사항,수술 시 난소를 함께 절제한 경우 폐경 증상이 나타날 수 있습니다.,난소를 같이 제거하면 폐경 증상이 생길 수 있어요.,https://www.snuh.org/board/B016/view.do?bbs_no=3595,김하영,수술 시 난소 함께 절제 경우 폐경 증상 나타나 있
217,218,주의사항,폐경 증상과 관련된 호르몬 치료는 추후 외래에서 담당 의사와 의논하십시오.,폐경과 관련된 치료는 나중에 병원에서 의사랑 얘기하세요.,https://www.snuh.org/board/B016/view.do?bbs_no=3595,김하영,폐경 증상 관련 호르몬 치료 추후 외래 담당 의사 의논 시
218,219,식사,골고루 충분한 양의 균형 잡힌 식사가 가장 기본입니다.,여러 가지 반찬을 충분히 골고루 먹는 게 제일 좋아요.,https://www.snuh.org/board/B016/view.do?bbs_no=3597,김하영,골고루 충분 양 균형 잡히 식사 가장 기본
219,220,일상생활,흡연은 말초로 가는 혈액순환을 방해하여 수술 후 상처를 잘 낫지 않게 하므로 금연하고 술은 가능한 한 절제합니다.,담배는 피지 말고 술도 너무 많이 마시지 마세요.,https://www.snuh.org/board/B016/view.do?bbs_no=3597,김하영,흡연 말초 가 혈액 순환 방해 수술 후 상처 잘 낫 므로 금연 술 가능 한 절제
220,221,주의사항,배변 시 과도하게 힘을 주면 수술 부위에 문제가 생길 수 있으므로 변비가 생기지 않도록 주의합니다.,똥 쌀 때 너무 힘주면 상처가 생길 수 있어서 변비가 생기지 않게 조심하세요.,https://www.snuh.org/board/B016/view.do?bbs_no=3597,김하영,배변 시 과도 힘 주 수술 부위 문제 생기 있 으므로 변비 생기 도록 주의
221,222,주의사항,만약 설사를 하게 될 경우 퇴원 후 복용약 중 대변 완화제가 있다면 완화제를 빼고 복용합니다.,설사를 하면 먹는 약 중에서 대변 완화제는 빼고 먹으세요.,https://www.snuh.org/board/B016/view.do?bbs_no=3597,김하영,만약 설사 경우 퇴원 후 복용 약 대변 완화 제 다면 완화 제 빼 복용
222,223,목욕 및 샤워,실밥은 보통 수술 1주일 후에 제거합니다.,실밥은 보통 수술하고 일주일 뒤에 빼요.,https://www.snuh.org/board/B016/view.do?bbs_no=3597,김하영,실밥 보통 수술 주일 후 제거
223,224,목욕 및 샤워,상황에 따라서는 실밥제거 시기가 늦춰지기도 합니다.,어떤 때는 실밥 빼는 시간이 좀 더 걸릴 수도 있어요.,https://www.snuh.org/board/B016/view.do?bbs_no=3597,김하영,상황 실밥 제거 시기 늦춰지
224,225,목욕 및 샤워,실밥제거 후 상처에 특별한 문제가 없다면 더 이상의 치료받지 않아도 됩니다.,실밥을 빼고 상처에 문제가 없으면 더 이상 치료 안 해도 돼요.,https://www.snuh.org/board/B016/view.do?bbs_no=3597,김하영,실밥 제거 후 상처 특별 문제 다면 이상 치료 받 어도
225,226,목욕 및 샤워,"샤워는 실밥 제거 다음날부터 가능하고, 통목욕은 상처가 완전히 아문 이후부터 가능합니다.","실밥 뺀 다음 날부터 씻어도 되고, 물에 푹 들어가는 목욕은 상처가 다 나은 다음에 해야 해요.",https://www.snuh.org/board/B016/view.do?bbs_no=3597,김하영,샤워 실밥 제거 다음날 가능 통 목욕 상처 완전히 아물 이후 가능
226,227,통증 관리,상처부위에 당기는 듯한 통증이 있는 것은 정상이며 수술 후 점차.,상처가 당기듯이 아픈 건 괜찮아요.,https://www.snuh.org/board/B016/view.do?bbs_no=3597,김하영,상처 부위 당기 듯 통증 정상 수술 후 점차
227,228,통증 관리,"복부로 뒤틀리는 듯한 통증이나, 진통제를 복용하여도 더 심해지는 통증은 이상 증세일 수 있으므로 병원으로 문의 하십시오.",배가 꼬이듯이 아프고 약을 먹어도 더 아프면 병원에 가세요.,https://www.snuh.org/board/B016/view.do?bbs_no=3597,김하영,복부 뒤틀리 듯 통증 이나 진통제 복용 어도 심하 통증 이상 증세 있 으므로 병원 문의 시
228,229,주의사항,수술부위를 지지해주고 상처를 보호하는 역할을 합니다.,수술한 곳을 지지하고 상처를 보호해줘요.,https://www.snuh.org/board/B016/view.do?bbs_no=3597,김하영,수술 부위 지지 상처 보호 역할
229,230,주의사항,복대를 하면 수술부위가 편안하고 걷기에 도움이 되므로 1개월 간 활동 시에 착용합니다.,복대를 하면 배가 편하고 걷기 쉬우니까 한 달 동안 하고 다니세요.,https://www.snuh.org/board/B016/view.do?bbs_no=3597,김하영,복 대 수술 부위 편안 걷기 도움 므로 개월 간 활동 시 착용
230,231,운동,"퇴원 후 청소, 세탁, 요리 등 일상 가사활동은 가능합니다.",집에 돌아간 뒤에는 청소나 밥 하기 같은 집안일은 할 수 있어요.,https://www.snuh.org/board/B016/view.do?bbs_no=3597,김하영,퇴원 후 청소 세탁 요리 일상 가사 활동 가능
231,232,운동,복압을 증가시키므로 4kg 정도 이상의 물건은 들지 않도록 합니다.,무거운 물건은 들지 마세요.,https://www.snuh.org/board/B016/view.do?bbs_no=3597,김하영,복 압 증가 시키 므로 정도 이상 물건 들 도록
232,233,운동,수술한 부위를 압박하는 자세를 장시간 유지하는 것도 피해야 합니다.,수술 부위를 오랫동안 누르는 동작을 피해주세요.,https://www.snuh.org/board/B016/view.do?bbs_no=3597,김하영,수술 부위 압박 자세 장시간 유지 피하
233,234,운동,"퇴원 후 맨손체조, 가벼운 산책, 1주일에 2~3회 30분 정도의 걷기 운동은 가능합니다.","일주일에 2-3번, 30분 동안 체조, 산책같은 운동은 괜찮아요.",https://www.snuh.org/board/B016/view.do?bbs_no=3597,김하영,퇴원 후 맨 손 체조 가볍 산책 주일 회 분 정도 걷 운동 가능
234,235,운동,수술 후 1개월 내에는 과격한 운동이나 무리한 활동 및 다리를 많이 사용하는 운동은 피해야 합니다.,수술하고 한 달 동안은 힘든 운동이나 다리 많이 쓰는 운동은 하지 마세요.,https://www.snuh.org/board/B016/view.do?bbs_no=3597,김하영,수술 후 개월 내 과격 운동 이나 무리 활동 및 다리 많이 사용 운동 피하
235,236,운동,"수술 1개월 후부터 사무실 업무, 장시간 운전과 여행 및 비행기 탑승은 가능하나,육체노동은 3개월 후부터 가능합니다.",수술하고 한 달이 지나면 사무실에서 일하거나 차 오래 몰고 여행 가는 건 할 수 있어요. 몸으로 하는 일은 3달 뒤에 하세요.,https://www.snuh.org/board/B016/view.do?bbs_no=3597,김하영,수술 개월 후 사무실 업무 장시간 운전 여행 및 비행기 탑승 가능 나 육체노동 개월 후 가능
236,237,배변 및 배뇨,"방광/요도 문합부위가 완전히 아물 때까지 문합부위로 소변이 흘러내리는 것을 방지하고 상처를 보호하는 역할을 하므로, 환자에 따라서는 소변줄을 가지고 퇴원하기도 합니다.",오줌 나오는 길이 다 낫기 전에는 오줌이 새지 않게 오줌줄을 달고 있을 수 있어요.,https://www.snuh.org/board/B016/view.do?bbs_no=3597,김하영,방광 요도 문 합 부위 완전히 아물 문 합 부위 소변 흘러내리 방지 상처 보호 역할 므로 환자 소변 줄 가지 퇴원
237,238,배변 및 배뇨,소변주머니는 항상 아랫배보다 낮은 곳에 두고 소변줄이 꼬이거나 꺾이지 않도록 합니다.,오줌 주머니는 배보다 아래에 놓고 줄이 꺾이지 않게 하세요.,https://www.snuh.org/board/B016/view.do?bbs_no=3597,김하영,소변 주머니 항상 아랫배 보다 낮 곳 두 소변 줄 꼬이 거나 꺾이 도록
238,239,배변 및 배뇨,소변줄로 인해 불편감을 느낄 수 있으나 다리에 고정을 하여 불편감을 덜 수 있으며 일상생활도 가능합니다.,"줄이 불편해도 다리에 붙이면 덜 불편하고, 보통 일상생활은 할 수 있어요.",https://www.snuh.org/board/B016/view.do?bbs_no=3597,김하영,소변 줄 인하 불편 감 느끼 있 으나 다리 고정 불편 감 덜 있 으며 일상생활 가능
239,240,배변 및 배뇨,소변을 희석시키기 위해 가급적 하루 1-2L 이상의 물을 마시도록 합니다.,오줌이 잘 나가게 하루에 물을 1-2리터 정도 마시는 게 좋아요.,https://www.snuh.org/board/B016/view.do?bbs_no=3597,김하영,소변 희석 시키 가급적 하루 이상 물 마시 도록
240,241,배변 및 배뇨,회음 부위는 따뜻한 물로 씻고 잘 말려야 합니다.,회음 부위는 따뜻한 물로 씻고 잘 말려야 해요.,https://www.snuh.org/board/B016/view.do?bbs_no=3597,김하영,회음 부위 따뜻 물 씻 잘 말리
241,242,배변 및 배뇨,소변줄을 통해 소변이 배출 되지 않거나 소변줄 주위로 소변 누출이 심한 경우 응급실을 방문하십시오.,오줌이 안 나오거나 옆으로 새면 응급실에 가세요.,https://www.snuh.org/board/B016/view.do?bbs_no=3597,김하영,소변 줄 소변 배출 거나 소변 줄 주위 소변 누출 심하 경우 응급실 방문 시
242,243,배변 및 배뇨,전립선 절제 후에는 일시적으로 괄약근 기능이 저하되기 때문에 소변줄을 제거한 후 요실금이 발생할 수 있습니다.,수술하고 나면 오줌을 조절하는 힘이 약해져서 오줌이 샐 수 있어요.,https://www.snuh.org/board/B016/view.do?bbs_no=3597,김하영,전립선 절제 후 일시 괄약근 기능 저하 소변 줄 제거 후 요실금 발생 있
243,244,배변 및 배뇨,괄약근 기능이 회복되는 과정에서도 무거운 짐을 들거나 기침을 하거나 크게 웃을 때 요실금 발생합니다.,짐을 들거나 기침하거나 웃을 때 오줌이 나올 수도 있어요.,https://www.snuh.org/board/B016/view.do?bbs_no=3597,김하영,괄약근 기능 회복 과정 무겁 짐 들 거나 기침 거나 크 웃 요실금 발생
244,245,배변 및 배뇨,요실금은 골반근육운동을 꾸준히 시행함으로써 호전될 수 있으며 회복 시까지 요실금 패드를 사용해야 합니다.,오줌이 새는 건 엉덩이 근육을 운동하면 점점 좋아져요. 기저귀처럼 생긴 패드를 쓰면 돼요.,https://www.snuh.org/board/B016/view.do?bbs_no=3597,김하영,요실금 골반 근육 운동 꾸준히 시행 ᆷ 으로써 호전 있 으며 회복 시 요실금 패드 사용
245,246,운동,"골반 근육은 방광과 직장을 지탱해주는 근육으로, 골반근육의 수축은 요도와 항문 괄약근에 영향을 주므로 요실금을 예방하기 위해서는 골반근육 운동을 시행해야 합니다.",엉덩이 근육은 방광이랑 항문을 지켜줘요. 오줌이 새는 걸 막으려면 이 근육을 운동해야 해요.,https://www.snuh.org/board/B016/view.do?bbs_no=3597,김하영,골반 근육 방광 직장 지탱 근육 골반 근육 수축 요도 항문 괄약근 영향 주 므로 요실금 예방 골반 근육 운동 시행
246,247,운동,"엉덩이나 배, 다리에 힘이 들어가지 않도록 하면서 소변이나 방귀를 참는 것처럼 항문을 몇 초간 조인 상태로 있다가 힘을 풀어줍니다.","엉덩이, 배, 다리에 힘 안 주고 방귀 참는 것처럼 항문을 조였다가 푸는 걸 해보세요.",https://www.snuh.org/board/B016/view.do?bbs_no=3597,김하영,엉덩이 나 배 다리 힘 들어가 도록 소변 이나 방귀 참 처럼 항문 몇 초 간 조 상태 다가 힘 풀
247,248,운동,이후 조이는 시간을 점점 늘려 10초 정도까지 조일 수 있도록 연습하고 매일 하루 100회 정도씩 6개월 이상 꾸준히 훈련해야 합니다.,처음엔 짧게 하고 점점 길게 해서 10초까지 할 수 있도록 연습하세요. 하루에 100번씩 반년 이상 꾸준히 해보세요.,https://www.snuh.org/board/B016/view.do?bbs_no=3597,김하영,이후 조이 시간 점점 늘리 초 정도 조이 있 도록 연습 매일 하루 회 정도 씩 개월 이상 꾸준히 훈련
248,249,주의사항,전립선 주위의 신경혈관다발은 발기를 조절하는 기능을 가진 구조물로서 신경혈관보존 전립선 절제술을 시행한 환자에서도 일시적인 발기부전이 발생할 수 있으나 환자의 60~80%의 경우 시간이 지나면서 점차 회복됩니다.,남자 몸속에는 발기를 도와주는 신경이 있어요. 수술하고 처음엔 발기가 잘 안 되더라도 시간이 지나면 다시 좋아지는 경우가 많아요.,https://www.snuh.org/board/B016/view.do?bbs_no=3597,김하영,전립선 주위 신경 혈관 다발 발기 조절 기능 가지 구조물 로서 신경 혈관 보존 전립선 절제술 시행 환자 일시 발기부전 발생 있 으나 환자 경우 시간 지나 점차 회복
249,250,주의사항,"단, 신경혈관다발을 보존하지 않는 전립선 절제술의 경우에는 발기 기능이 회복되지 않습니다.",하지만 신경혈관다발도 떼어내는 수술이라면 발기가 안 돼요.,https://www.snuh.org/board/B016/view.do?bbs_no=3597,김하영,단 신경 혈관 다발 보존 전립선 절제술 경우 발기 기능 회복
250,251,병원 방문,"발열, 옆구리 통증, 심한 복통 등의 증상이 발생하면 비뇨기과 의사와 상담하거나, 급한 경우 가까운 병원이나 응급실을 방문해야 합니다.",열이 나거나 옆구리랑 배가 많이 아프면 병원에 가세요.,https://www.snuh.org/board/B016/view.do?bbs_no=3597,김하영,발열 옆구리 통증 심하 복통 증상 발생 비뇨기과 의사 상담 거나 급하 경우 가깝 병원 이나 응급실 방문
251,252,병원 방문,소변이 붉은 경우 수분을 많이 섭취하고 활동을 줄입니다.,오줌이 빨간색이면 물을 많이 마시고 가만히 쉬세요.,https://www.snuh.org/board/B016/view.do?bbs_no=3597,김하영,소변 붉 경우 수분 많이 섭취 활동 줄이
252,253,병원 방문,소변이 불투명할 정도로 혈뇨가 진하거나 소변을 볼 수 없는 경우에는 즉시 응급실을 방문해야 합니다.,"오줌이 뿌옇고 피가 많이 섞이거나, 오줌이 안 나오면 바로 병원에 가세요.",https://www.snuh.org/board/B016/view.do?bbs_no=3597,김하영,소변 불 투명 정도 혈뇨 진하 거나 소변 경우 즉시 응급실 방문
253,254,식사,"세끼식사를 규칙적으로 하고, 반찬은 골고루 섭취하는 것이 좋습니다.","하루 세 번 밥을 먹고, 반찬도 골고루 먹는 게 좋아요.",https://www.snuh.org/board/B016/view.do?bbs_no=3598,김하영,세 끼 식사 규칙 반찬 골고루 섭취 좋
254,255,식사,균형 잡힌 식사로 좋은 영양 상태를 유지하는 것이 중요합니다.,여러 가지 음식을 골고루 먹으면 몸이 튼튼해져요.,https://www.snuh.org/board/B016/view.do?bbs_no=3598,김하영,균형 잡히 식사 좋 영양 상태 유지 중요
255,256,식사,"충분한 열량과 단백질, 비타민 및 무기질을 공급할 수 있도록 다양한 음식을 포함하는 균형 잡힌 식사를 하십시오.","고기랑 콩, 야채, 과일을 같이 먹으면 몸에 힘이 생겨요.",https://www.snuh.org/board/B016/view.do?bbs_no=3598,김하영,충분 열량 단백질 비타민 및 무기질 공급 있 도록 다양 음식 포함 균형 잡히 식사 시
256,257,운동,"수술 후 운동요법의 시기는 수술부위 및 범위, 방법에 따라 조금씩 다를 수 있습니다.",수술한 곳이 어디고 얼마나 했는지에 따라 운동 시작하는 날이 달라요.,https://www.snuh.org/board/B016/view.do?bbs_no=3598,김하영,수술 후 운동 요법 시기 수술 부위 및 범위 방법 조금 씩 다르 있
257,258,운동,운동요법의 시작 시기와 방법은 담당의사의 지시에 따라야 합니다.,운동을 언제 어떻게 할지는 의사 선생님이 알려주는 대로 하세요.,https://www.snuh.org/board/B016/view.do?bbs_no=3598,김하영,운동 요법 시작 시기 방법 담당 의사 지시
258,259,운동,운동은 수술 부위의 관절이 굳는 것을 막기 위해 관절운동범위를 크게 하는 운동과 근육의 약화를 방지하기 위한 근육강화 운동이 필요합니다.,몸이 뻣뻣해지지 않고 힘이 빠지지 않게 팔이나 다리를 크게 움직이고 힘주는 운동을 해요.,https://www.snuh.org/board/B016/view.do?bbs_no=3598,김하영,운동 수술 부위 관절 굳 막 관절 운동 범위 크 운동 근육 약화 방지 근육 강화 운동 필요
259,260,운동,수술 부위와 방법에 따라 허벅지 근육이나 팔의 근육강화 운동 등이 필요하며 가능한 조기에 시작하는 것이 좋으나 담당의사와 상의하여 시작 시기를 결정해야 합니다.,다리나 팔에 힘주는 운동을 빨리 시작하면 좋지만 꼭 의사 선생님과 먼저 얘기해야 해요.,https://www.snuh.org/board/B016/view.do?bbs_no=3598,김하영,수술 부위 방법 허벅지 근육 이나 팔 근육 강화 운동 필요 가능 조기 시작 좋 으나 담당 의사 상의 시작 시기 결정
260,261,운동,수술 받은 부위의 운동요법 뿐만 아니라 수술 받지 않은 부위도 운동요법을 하여 장기간의 입원으로 인한 근력의 약화를 방지해야 합니다.,아프지 않은 부위도 같이 운동하면 병원에 오래 있어도 힘이 약해지지 않아요.,https://www.snuh.org/board/B016/view.do?bbs_no=3598,김하영,수술 받 부위 운동 요법 뿐 수술 받 부위 운동 요법 장기간 입원 인하 근력 약화 방지
261,262,목욕 및 샤워,"샤워는 실밥제거 후 2일 후에 수술 상처 부위 감염증상(발열, 발적,누런 분비물, 통증 등)이 없을 경우에 가능합니다.",실밥 뺀 지 이틀 지나고 상처가 빨갛거나 아프지 않으면 씻어도 돼요.,https://www.snuh.org/board/B016/view.do?bbs_no=3598,김하영,샤워 실밥 제거 후 후 수술 상처 부위 감염 증상 발열 발 누렇 분비물 통증 경우 가능
262,263,목욕 및 샤워,통목욕은 실밥제거 후 4주 후에 가능합니다.,물에 푹 담그는 목욕은 실밥 뺀 지 한 달 뒤에 할 수 있어요.,https://www.snuh.org/board/B016/view.do?bbs_no=3598,김하영,통 목욕 실밥 제거 후 주 후 가능
263,264,상처 관리,통상적으로 수술 후 2주 후에 실밥제거를 합니다.,보통 수술하고 2주쯤 지나면 실밥을 빼요.,https://www.snuh.org/board/B016/view.do?bbs_no=3598,김하영,통상 수술 후 주 후 실밥 제거
264,265,상처 관리,실밥제거 후2일 후에는 소독된 부착물을 제거해도 됩니다.,실밥 뺀 지 이틀 지나면 붙인 거 떼도 괜찮아요.,https://www.snuh.org/board/B016/view.do?bbs_no=3598,김하영,실밥 제거 후 후 소독 부착물 제거 어도
265,266,상처 관리,수술 상처 감염 증상을 동반하지 않고치유가 잘 되었다면 더 이상의 상처 치료는 필요하지 않습니다.,상처에 이상이 없고 잘 낫고 있으면 치료 더 안 해도 돼요.,https://www.snuh.org/board/B016/view.do?bbs_no=3598,김하영,수술 상처 감염 증상 동반 치유 잘 다면 이상 상처 치료 필요
266,267,상처 관리,"수술 상처 부위 감각이상이있을 수 있으며, 시간이 경과함에 따라 호전됩니다.",상처 근처가 이상한 느낌이 날 수 있지만 시간이 지나면 괜찮아져요.,https://www.snuh.org/board/B016/view.do?bbs_no=3598,김하영,수술 상처 부위 감각 이상 있 으며 시간 경과 ᆷ 호전
267,268,통증 관리,"수술 후 2~3개월 이상 수술부위의 통증이 있을 수 있으며, 이것은 처방받은 경구 진통제로 완화될 수 있습니다.",수술한 데가 몇 달 동안 아플 수 있지만 약 먹으면 괜찮아져요.,https://www.snuh.org/board/B016/view.do?bbs_no=3598,김하영,수술 후 개월 이상 수술 부위 통증 있 으며 이것 처방 받 경구 진통제 완화 있
268,269,통증 관리,통증이 잘 조절되던 중에 갑작스럽게 발생하는 돌발성 통증이 있다면 감염이나 다른 문제가 발생하였을 가능성이 있을 수 있으므로 병원으로 문의 하십시오.,갑자기 아프고 참기 힘들면 문제가 생긴 걸 수 있으니 병원에 꼭 물어보세요.,https://www.snuh.org/board/B016/view.do?bbs_no=3598,김하영,통증 잘 조절 갑작스럽 발생 돌발 통증 다면 감염 이나 다른 문제 발생 가능 있 으므로 병원 문의 시
269,270,일상생활,"청소, 세탁, 요리 등 가사활동의 시작 시기는 수술 부위, 방법 등에 따라 다르므로 담당의사의 지시를 따라야 합니다.",청소나 요리는 언제 해도 되는지 의사 선생님한테 꼭 물어보세요.,https://www.snuh.org/board/B016/view.do?bbs_no=3598,김하영,청소 세탁 요리 가사 활동 시작 시기 수술 부위 방법 다르 므로 담당 의사 지시
270,271,일상생활,피로를 느끼면 바로 휴식하는 것이 좋습니다.,피곤하면 바로 쉬세요.,https://www.snuh.org/board/B016/view.do?bbs_no=3598,김하영,피로 느끼 바로 휴식 좋
271,272,일상생활,담당의사의 지시를 따라야 합니다.,의사 선생님 말대로 하세요.,https://www.snuh.org/board/B016/view.do?bbs_no=3598,김하영,담당 의사 지시
272,273,일상생활,"직장에 복귀한 후에는 서서히 활동 시간을 늘려 나가고, 업무량을 조절하여 처음부터 무리하지 않도록 합니다.",회사에 다시 나가면 일을 너무 많이 하지 말고 천천히 늘려가요.,https://www.snuh.org/board/B016/view.do?bbs_no=3598,김하영,직장 복귀 후 서서히 활동 시간 늘리 나가 업무 량 조절 처음 무리 도록
273,274,일상생활,"보행 및 운전:보행 시작 시기, 보행 방법, 운전 시작 시기는 수술 부위, 방법 등에 따라 다르므로 담당의사의 지시를 따라야 합니다.",걷기나 운전은 언제부터 해도 되는지 의사 선생님이 알려줘요.,https://www.snuh.org/board/B016/view.do?bbs_no=3598,김하영,보행 및 운전 보행 시작 시기 보행 방법 운전 시작 시기 수술 부위 방법 다르 므로 담당 의사 지시
274,275,일상생활,비행기 탑승:공항 검색대에 미리 말하면 간단한 신체검사 후 탑승이 가능합니다.,비행기 탈 때는 몸에 뭐 있다고 미리 말하면 검사하고 탈 수 있어요.,https://www.snuh.org/board/B016/view.do?bbs_no=3598,김하영,비행기 탑승 공항 검색대 미리 간단 신체검사 후 탑승 가능
275,276,일상생활,장거리 여행은 관절에 무리가 있을 수 있으므로 여행 중간에 적당한 휴식을 취하도록 합니다.,멀리 여행 갈 땐 다리가 아플 수 있으니 중간중간 쉬세요.,https://www.snuh.org/board/B016/view.do?bbs_no=3598,김하영,장거리 여행 관절 무리 있 으므로 여행 중간 적당 휴식 취하 도록
276,277,병원 방문,"수술 부위의 갑작스러운 통증, 발열, 분비물, 발적, 부종 등의 증상이 있으면 병원으로 문의 하십시오.",수술한 데가 갑자기 아프거나 열이 나면 병원에 전화하세요.,https://www.snuh.org/board/B016/view.do?bbs_no=3598,김하영,수술 부위 갑작스럽 통증 발열 분비물 발 부종 증상 으면 병원 문의 시
277,278,주의사항,"인공삽입물을 가지고 있는 경우에는 자기공명영상(MRI) 검사, 공항의 금속 탐지기, 고압전류, 강한 자력을 피해야 합니다.",몸에 기계 같은 게 있으면 병원의 큰 기계나 공항 기계는 조심해야 해요.,https://www.snuh.org/board/B016/view.do?bbs_no=3598,김하영,인공 삽입 물 가지 경우 자기 공명 영상 검사 공항 금속 탐지기 고압 전류 강하 자력 피하
278,279,주의사항,넘어지거나 미끄러져서 관절에 충격을 받으면 수술 부위가 손상되기 때문에 즉시 가까운 병원을 방문하여 이상 유무를 확인해야 합니다.,넘어져서 수술한 데가 아프면 바로 병원 가서 괜찮은지 봐야 해요.,https://www.snuh.org/board/B016/view.do?bbs_no=3598,김하영,넘어지 거나 미끄러지 관절 충격 받 으면 수술 부위 손상 즉시 가깝 병원 방문 이상 유무 확인
279,280,식사,제한하는 음식은 없으므로골고루식사하십시오.,못 먹는 음식은 없어요. 이것저것 골고루 먹으세요.,https://www.snuh.org/board/B016/view.do?bbs_no=3602,김하영,제한 음식 으므로 골고루 식사 시
280,281,식사,혈뇨가 있을 때는 소변을 희석하여 잘 배출하기 위해 하루 1-1.5L 정도의 수분을 섭취하십시오.,오줌에 피가 나오면 물을 하루에 1~1.5리터 정도 많이 마시세요.,https://www.snuh.org/board/B016/view.do?bbs_no=3602,김하영,혈뇨 소변 희석 잘 배출 하루 정도 수분 섭취 시
281,282,운동,"일주일 동안은 자전거 타기, 무거운 물건 들기 같은 심한 운동은 삼가 하십시오.",일주일 동안은 심한 운동을 하지 마세요.,https://www.snuh.org/board/B016/view.do?bbs_no=3602,김하영,일주일 동안 자전거 타 무겁 물건 들 심하 운동 삼가 시
282,283,목욕 및 샤워,퇴원 후 바로 가능합니다.,집에 가면 바로 해도 돼요.,https://www.snuh.org/board/B016/view.do?bbs_no=3602,김하영,퇴원 후 바로 가능
283,284,병원 방문,"검사 후 7일간은 대변, 소변, 정액을 통해 혈액이 나올 수 있습니다.","검사하고 일주일 동안 똥, 오줌, 정액에 피가 나올 수 있어요.",https://www.snuh.org/board/B016/view.do?bbs_no=3602,김하영,검사 후 일간 대변 소변 정액 혈액 나오 있
284,285,병원 방문,"출혈이 심해지거나, 소변이 나오지 않거나, 갑자기 발열, 오한이 생기면 비뇨기과 의사와 상담하거나가까운 병원이나 응급실을 방문하도록 합니다.",피가 많이 나거나 오줌이 안 나오고 열이 나면 병원에 가세요.,https://www.snuh.org/board/B016/view.do?bbs_no=3602,김하영,출혈 심하 거나 소변 나오 거나 갑자기 발열 오한 생기 비뇨기과 의사 상담 거나 가깝 병원 이나 응급실 방문 도록
285,286,식사,수술 후 정상적인 식사를 하는 데 걸리는 기간은약3개월입니다.,밥을 잘 먹게 되려면 3달쯤 걸려요.,https://www.snuh.org/board/B016/view.do?bbs_no=3603,김하영,수술 후 정상 식사 데 걸리 기간 약 개월
286,287,식사,"이 기간에는 수술로 인한 체력과 상처회복을 위해단백질(고기, 생선, 콩/두부 등)과 비타민 C(과일, 익힌 야채)를 많이 드십시오.","몸을 낫게 하려면 고기나 콩, 과일 같은 걸 많이 먹어요.",https://www.snuh.org/board/B016/view.do?bbs_no=3603,김하영,기간 수술 인하 체력 상처 회복 단백질 고기 생선 콩 두부 비타민 과일 익히 야채 많이 들 시
287,288,식사,"건강보조식품(홍삼, 상황버섯 등)은 간에 부담을 줄 수 있으므로 삼갑니다.",홍삼이나 버섯 약은 간에 무리가 가니까 먹지 마세요.,https://www.snuh.org/board/B016/view.do?bbs_no=3603,김하영,건강 보조 식품 홍삼 상황버섯 간 부담 주 있 으므로 삼가
288,289,식사,췌장수술 시 담낭이 같이 제거됩니다.,췌장을 수술할 때 담낭도 같이 떼어내요.,https://www.snuh.org/board/B016/view.do?bbs_no=3603,김하영,췌장 수술 시 담낭 같이 제거
289,290,식사,"담낭의 담즙은 기름진 음식의 소화를 돕는 역할을 하므로,수술 후 약 2개월 동안은 기름진 음식과 고기를 한꺼번에 많이 드시면 식사 후 더부룩할 수 있기 때문에 소량씩 드십시오.",기름진 음식이나 고기를 한꺼번에 많이 먹으면 배가 더부룩할 수 있으니 조금씩 나눠서 드세요.,https://www.snuh.org/board/B016/view.do?bbs_no=3603,김하영,담낭 담즙 기름지 음식 소화 돕 역할 므로 수술 후 약 개월 동안 기름지 음식 고기 한꺼번에 많이 드시 식사 후 더부룩 있 소량 씩 들 시
290,291,식사,소화가 잘 안 된다고 느낄 때에는 소화제를 복용하고 식사는 평상시의 반 정도로 양을 줄이고 하루에 여러 번 나누어 드십시오.,"음식을 먹고 배가 불편하면 소화제를 먹고, 밥 양을 줄여서 여러 번 나눠 먹으세요.",https://www.snuh.org/board/B016/view.do?bbs_no=3603,김하영,소화 잘 안 ᆫ다고 느끼 소화제 복용 식사 평상시 반 정도 양 줄이 하루 여러 번 나누 들 시
291,292,식사,"회복 후 골고루섭취하시되,고지방 및육류식등 기름진 음식과 튀기거나 구운 음식은 적게 드시고, 신선한 과일, 식물성 단백질(콩, 두부) 등을 많이드십시오.","회복이 되면 여러 가지 음식을 골고루 먹되, 기름진 음식은 조금만 먹고 과일이나 두부 같은 음식을 많이 드세요.",https://www.snuh.org/board/B016/view.do?bbs_no=3603,김하영,회복 후 골고루 섭취 시 되 고 지방 및 육류 식 기름지 음식 튀기 거나 굽 음식 적 드시 신선 과일 식물 단백질 콩 두부 많이 들 시
292,293,식사,"담배, 술은삼가십시오.",담배나 술은 하지 마세요.,https://www.snuh.org/board/B016/view.do?bbs_no=3603,김하영,담배 술 삼가 시
293,294,식사,위장의 일부를 절제한 경우는 위절제술 후의 식사요법을 참고하십시오.,위를 잘랐다면 위 수술 후 식사 방법을 따르세요.,https://www.snuh.org/board/B016/view.do?bbs_no=3603,김하영,위장 일부 절제 경우 위절제술 후 식사 요법 참고 시
294,295,식사,췌장을 전부 절제한 경우에는 혈당 조절이 안 될 수 있어 당뇨식이요법이 필요합니다.,췌장을 다 잘라냈다면 피 속 당 조절이 어려우니 당뇨병 식사 방법을 따라야 해요.,https://www.snuh.org/board/B016/view.do?bbs_no=3603,김하영,췌장 전부 절제 경우 혈당 조절 안 있 당뇨 식이 요법 필요
295,296,운동,장이 유착되지 않도록 걷기운동을 하십시오.,배 속이 달라붙지 않게 걷는 운동을 하세요.,https://www.snuh.org/board/B016/view.do?bbs_no=3603,김하영,장 유착 도록 걷 운동 시
296,297,운동,과격한 운동은 피함.,힘든 운동은 하지 마세요.,https://www.snuh.org/board/B016/view.do?bbs_no=3603,김하영,과격 운동 피하
297,298,목욕 및 샤워,샤워는 수술부위 실밥 제거 후 상처에 문제가 없으면 다음 날부터 가능합니다.,실밥을 빼고 상처에 문제가 없으면 그 다음 날부터 씻을 수 있어요.,https://www.snuh.org/board/B016/view.do?bbs_no=3603,김하영,샤워 수술 부위 실밥 제거 후 상처 문제 으면 다음 날 가능
298,299,목욕 및 샤워,통목욕은 대체로 1개월 후부터 가능합니다.,몸을 다 담그는 목욕은 한 달 지나서 할 수 있어요.,https://www.snuh.org/board/B016/view.do?bbs_no=3603,김하영,통 목욕 대체로 개월 후 가능
299,300,상처 관리,실밥제거 후 수술상처에 특별한 문제가 없다면 더 이상의 치료가필요 없습니다.,실밥 뺀 뒤 상처에 문제가 없으면 치료를 더 안 해도 돼요.,https://www.snuh.org/board/B016/view.do?bbs_no=3603,김하영,실밥 제거 후 수술 상처 특별 문제 다면 이상 치료 필요
300,301,상처 관리,상처가 벌어지거나 붉게 변하고 통증이 있으면 병원에 연락 주십시오.,상처가 벌어지거나 빨개지고 아프면 병원에 말하세요.,https://www.snuh.org/board/B016/view.do?bbs_no=3603,김하영,상처 벌어지 거나 붉 변하 통증 있 으면 병원 연락 주 시
301,302,통증 관리,당기는 듯한 느낌은정상적인증상입니다.,당기는 느낌이 있어도 괜찮아요.,https://www.snuh.org/board/B016/view.do?bbs_no=3603,김하영,당기 듯 느낌 정상 증상
302,303,통증 관리,"콕콕 쑤시거나 쥐어짜는 듯한 통증이 지속되거나 발열, 혈압저하, 빈맥 등의 다른 증상이 동반될 경우 장 폐쇄와 염증, 출혈을 확인하여야 하므로 병원에 연락주십시오.",콕콕 아프거나 쥐어짜는 느낌이 계속되고 열이 나거나 맥박이 빠르면 병원에 가서 확인해야 해요.,https://www.snuh.org/board/B016/view.do?bbs_no=3603,김하영,콕콕 쑤시 거나 쥐어짜 듯 통증 지속 거나 발열 혈압 저하 빈맥 다른 증상 동반 경우 장 폐쇄 염증 출혈 확인 므로 병원 연락 주 시
303,304,일상생활,"청소, 세탁, 요리 등 가벼운 가사활동은 2주 후부터 가능합니다.",설거지나 빨래 같은 일은 2주가 지나면 해도 돼요.,https://www.snuh.org/board/B016/view.do?bbs_no=3603,김하영,청소 세탁 요리 가볍 가사 활동 주 후 가능
304,305,일상생활,"퇴원 후 서서히 활동시간을 늘려 나가면보통 사무실 근무는 퇴원 1개월 후, 육체노동은 3개월 후 직장에 복귀할 수 있습니다.","앉아서 일하는 건 한 달 뒤, 힘쓰는 일은 세 달 뒤에 다시 할 수 있어요.",https://www.snuh.org/board/B016/view.do?bbs_no=3603,김하영,퇴원 후 서서히 활동 시간 늘리 나가 보통 사무실 근무 퇴원 개월 후 육체노동 개월 후 직장 복귀 있
305,306,일상생활,업무량을 조절하여 처음부터 무리하지 않도록 합니다.,일은 처음엔 조금씩 하세요. 너무 무리하지 마세요.,https://www.snuh.org/board/B016/view.do?bbs_no=3603,김하영,업무 량 조절 처음 무리 도록
306,307,일상생활,방사선 또는 항암치료 중에는 별도의 의사지시를 따르십시오.,치료 중일 땐 의사 선생님이 시키는 대로 하세요.,https://www.snuh.org/board/B016/view.do?bbs_no=3603,김하영,방사선 또는 항암 치료 별도 의사 지시 시
307,308,일상생활,"대부분 퇴원 1개월 이후부터 가능하나, 퇴원 후 첫 번째 외래에서 상태를 확인한 후 결정됩니다.","보통은 퇴원하고 한 달 지나면 할 수 있는데, 병원 가서 괜찮은지 확인하고 결정해요.",https://www.snuh.org/board/B016/view.do?bbs_no=3603,김하영,대부분 퇴원 개월 이후 가능 나 퇴원 후 첫 번 째 외래 상태 확인 후 결정
308,309,병원 방문,"출혈, 복통, 급성고열(38°C이상) 등의 증상이 있으면 병동에 문의하신 후가까운 병원이나 응급실을 방문하십시오.",피가 나거나 배가 아프거나 열이 많이 나면 병원에 바로 가세요.,https://www.snuh.org/board/B016/view.do?bbs_no=3603,김하영,출혈 복통 급성 고열 이상 증상 있 으면 병동 문의 시 후 가깝 병원 이나 응급실 방문 시
309,310,주의사항,췌장액 배액관(P-tube)을 지닌 경우는 수술 후 약 4주간 배액관의 유지가 필요합니다.,배에 달린 관은 수술하고 나서 4주 정도 계속 달고 있어야 해요.,https://www.snuh.org/board/B016/view.do?bbs_no=3603,김하영,췌장 액 배 액 관 지니 경우 수술 후 약 주간 배액관 유지 필요
310,311,주의사항,따라서 대부분 퇴원 시 배액관을 가지고 퇴원하게 되며 퇴원 후 첫 번째 혹은 두 번째 외래  방문 시 배액관을 제거합니다.,병원에서 나올 때 관을 달고 나온 다음에 병원에 다시 갈 때 관을 빼요.,https://www.snuh.org/board/B016/view.do?bbs_no=3603,김하영,따라서 대부분 퇴원 시 배 액 관 가지 퇴원 퇴원 후 첫 번 째 혹은 두 번 째 외래 방문 시 배 액 관 제거
311,312,주의사항,췌장액 배액관이나 기타 배액관을가지고 퇴원하는 경우 배액주머니가 배꼽보다 낮게 위치하도록 해주십시오.,주머니는 배꼽보다 아래에 두세요.,https://www.snuh.org/board/B016/view.do?bbs_no=3603,김하영,췌장 액 배 액 관 이나 기타 배 액 관 가지 퇴원 경우 배 액 주머니 배꼽 보다 낮 위치 도록 시
312,313,주의사항,배액량을 매일 일정시간에 기록합니다.,주머니에서 나온 양을 매일 같은 시간에 적어요.,https://www.snuh.org/board/B016/view.do?bbs_no=3603,김하영,배 액 량 매일 일정 시간 기록
313,314,주의사항,"배액량이 갑자기 줄거나 없을 경우에는 배액관이 꼬이거나 꺾였는지 확인하고, 그래도 배액 되지 않으면 병동으로 즉시 연락 주십시오.","나오는 양이 갑자기 적어지면 관이 꺾였는지 보고, 그래도 안 나오면 병원에 바로 전화하세요.",https://www.snuh.org/board/B016/view.do?bbs_no=3603,김하영,배 액 량 갑자기 줄 거나 경우 배액관 꼬이 거나 꺾이 는지 확인 그렇 어도 배액 으면 병동 즉시 연락 주 시
314,315,주의사항,분비물 색깔이나 양상을 관찰하여 색깔이 탁해지고 악취가 나는 경우에 감염이 의심되므로병동으로 즉시 연락 주십시오.,나오는 액체 색이 흐리거나 냄새가 심하면 병원에 바로 연락하세요.,https://www.snuh.org/board/B016/view.do?bbs_no=3603,김하영,분비물 색깔 이나 양상 관찰 색깔 탁하 악취 나 경우 감염 의심 므로 병동 즉시 연락 주 시
315,316,식사,상처가 아물기 전까지는 수술한 쪽으로 음식을 먹지 않도록 하며 빨대를 사용하는 경우에는 수술부위 반대편으로 식사를 합니다.,"상처가 다 나을 때까지는 아픈 쪽으로 먹지 말고, 빨대를 쓸때는 아픈 쪽의 반대쪽으로 쓰세요.",https://www.snuh.org/board/B016/view.do?bbs_no=3606,김하영,상처 아물 전 수술 쪽 음식 먹 도록 빨대 사용 경우 수술 부위 반대편 식사
316,317,식사,짜고 맵고 뜨거운 음식이나 탄산음료 등 자극적인 음식을 삼갑니다.,"짜거나 맵거나 뜨거운 음식, 탄산 음료는 먹지 마세요.",https://www.snuh.org/board/B016/view.do?bbs_no=3606,김하영,짜 맵 뜨겁 음식 이나 탄산음료 자극 음식 삼가
317,318,운동,가벼운 걷기 정도의 운동은 가능하나 무리한 운동은 삼갑니다.,살살 걷는 건 괜찮지만 힘든 운동은 하지 마세요.,https://www.snuh.org/board/B016/view.do?bbs_no=3606,김하영,가볍 걷 정도 운동 가능 나 무리 운동 삼가
318,319,상처 관리,"상처가 아물기 전까지는 식사 후 맑은 물로 입 안을 헹구고 베타딘, 헥사메딘 등 구강 함수액을 하루 총 4~6회 정도 1회 15cc를 1분간 물고 있다 뱉으면 됩니다.","밥 먹고 나서 입을 맑은 물로 헹구고 약물로 가글은 하루에 4-6번, 1분 동안 해요.",https://www.snuh.org/board/B016/view.do?bbs_no=3606,김하영,상처 아물 전 식사 후 맑 물 입 안 헹구 베타딘 헥사메딘 구강 함수 액 하루 총 회 정도 회 분간 물 뱉 으면
319,320,통증 관리,보통 수술 후 통증은 서서히 호전됩니다.,수술하고 나서 아픈 건 점점 괜찮아져요.,https://www.snuh.org/board/B016/view.do?bbs_no=3606,김하영,보통 수술 후 통증 서서히 호전
320,321,통증 관리,심한 통증이 지속 되거나 발열 등의 증상이 동반 될 경우 병원으로 문의 하십시오.,계속 아프거나 열이 나면 병원에 연락하세요.,https://www.snuh.org/board/B016/view.do?bbs_no=3606,김하영,심 통증 지속 거나 발열 증상 동반 경우 병원 문의 시
321,322,일상생활,"퇴원 후 무리한 일이 아니면 청소, 세탁, 요리 등 가벼운 가사활동은 가능합니다.",집안일은 너무 무리하지 않으면 해도 괜찮아요.,https://www.snuh.org/board/B016/view.do?bbs_no=3606,김하영,퇴원 후 무리 청소 세탁 요리 가볍 가사 활동 가능
322,323,일상생활,퇴원 후 개인의 회복 정도에 따라 다르나 가벼운 업무는 가능합니다.,회복이 빠르면 쉬운 일은 할 수 있어요.,https://www.snuh.org/board/B016/view.do?bbs_no=3606,김하영,퇴원 후 개인 회복 정도 다르 나 가볍 업무 가능
323,324,일상생활,제한은 없으며 무리하지 않도록 합니다.,무리하지 마세요.,https://www.snuh.org/board/B016/view.do?bbs_no=3606,김하영,제한 으며 무리 도록
324,325,일상생활,여행 및 비행기탑승: 제한은 없으며 무리하지 않도록 합니다.,"비행기를 타는건 괜찮아요. 단, 무리하지 마세요.",https://www.snuh.org/board/B016/view.do?bbs_no=3606,김하영,여행 및 비행기 탑승 제한 으며 무리 도록
325,326,병원 방문,"열이 나거나 수술부위의 심한 통증, 부종, 발적, 혈종, 출혈 등이 있는 경우 병원으로 문의 하십시오.",열이 나거나 상처가 많이 아프고 붓고 피가 나면 병원에 연락하세요.,https://www.snuh.org/board/B016/view.do?bbs_no=3606,김하영,열 나 거나 수술 부위 심하 통증 부종 발 혈종 출혈 경우 병원 문의 시
326,327,주의사항,"외래 방문 시 수술 검체의 조직검사 결과에 따라 일부 환자의 경우 방사선치료나 항암화학요법이 필요하며 방사선 종양센터, 종양내과센터 외래를 방문하여 시행합니다.",검사 결과에 따라 치료가 더 필요하면 병원에서 방사선이나 항암치료를 해요.,https://www.snuh.org/board/B016/view.do?bbs_no=3606,김하영,외래 방문 시 수술 검체 조직 검사 결과 일부 환자 경우 방사선 치료 나 항암 화학 요법 필요 방사선 종양 센터 종양 내과 센터 외래 방문 시행
327,328,주의사항,암의 경우 재발로 인해 발생할 수 있는 증상을 알고 있는 것이 바람직합니다.,암이 다시 생길 수 있으니 미리 증상을 알아두는 게 좋아요.,https://www.snuh.org/board/B016/view.do?bbs_no=3606,김하영,암 경우 재 발 인하 발생 있 증상 알 바람직하
328,329,주의사항,"목에 멍울이 만져진다거나, 혀에 궤양, 딱딱한 덩어리 등이 만져질 경우 외래 진료를 빨리 받는 것이 좋습니다.",목에 혹이 만져지거나 혀에 딱딱한게 생기면 병원에 빨리 가세요.,https://www.snuh.org/board/B016/view.do?bbs_no=3606,김하영,목 멍울 만지 ᆫ다 거나 혀 궤양 딱딱하 덩어리 만지 경우 외래 진료 빨리 받 좋
329,330,식사,레빈튜브(Levin-tube; 경관 영양을 위해 코로 연결 된 튜브)를 가지고 퇴원하는 경우는다음 외래에서 지시가 있을 때까지튜브를 통해처방대로 미음을 섭취하시기 바랍니다.,"코에 연결된 관이 있다면, 병원에서 정해준 대로 관으로 죽을 드세요.",https://www.snuh.org/board/B016/view.do?bbs_no=3607,김하영,레빈 튜브 경관 영양 코 연결 튜브 가지 퇴원 경우 다음 외래 지시 튜브 처방 대로 미음 섭취 시 바라
330,331,식사,경구섭취 가능한 경우에는 특별한식이제한은 없습니다.,입으로 음식을 먹을 수 있으면 먹지 못하는 음식은 따로 없어요.,https://www.snuh.org/board/B016/view.do?bbs_no=3607,김하영,경구 섭취 가능 경우 특별 식이 제한
331,332,식사,섬유질과비타민이포함된채소와 과일과 함께 적절한 영양관리로 음식섭취를 충분히하십시오.,야채와 과일도 같이 먹으면서 몸에 좋은 걸 많이 드세요.,https://www.snuh.org/board/B016/view.do?bbs_no=3607,김하영,섬유질 비타민 포함 채소 과일 함께 적절 영양 관리 음식 섭취 충분히 시
332,333,운동,"지나치게 무거운 물건 들기, 목 부분에 과도한 스트레칭이나 과격한 운동은 삼갑니다.",무거운 물건을 들거나 목을 심하게 움직이지 마세요.,https://www.snuh.org/board/B016/view.do?bbs_no=3607,김하영,지나치 무겁 물건 기 목 부분 과도 스트레칭 이나 과격 운동 삼가
333,334,운동,가벼운 운동 및 산책 등 일상생활에서의 움직임은 제한이 없습니다.,가볍게 걷거나 움직이는 건 괜찮아요.,https://www.snuh.org/board/B016/view.do?bbs_no=3607,김하영,가볍 운동 및 산책 일상생활 움직임 제한
334,335,목욕 및 샤워,수술부위가 덜 아물었을 경우에는 물이 닿지 않도록 합니다.,상처가 아직 다 안 나았으면 물이 닿지 않게 해요.,https://www.snuh.org/board/B016/view.do?bbs_no=3607,김하영,수술 부위 덜 아물 경우 물 닿 도록
335,336,목욕 및 샤워,샤워는 실밥 제거 후 하루(24시간)정도 지나면 가능합니다.,실밥을 빼고 하루 지나면 씻을 수 있어요.,https://www.snuh.org/board/B016/view.do?bbs_no=3607,김하영,샤워 실밥 제거 후 하루 시간 정도 지나 가능
336,337,목욕 및 샤워,상처부위를 제외한 목욕 및 머리감기는 퇴원 후 바로 가능합니다.,상처 말고 다른 데는 병원에서 나오면 바로 씻어도 돼요.,https://www.snuh.org/board/B016/view.do?bbs_no=3607,김하영,상처 부위 제외 목욕 및 머리 감 퇴원 후 바로 가능
337,338,상처 관리,"실밥 제거 후상처에 문제가 없으면 더 이상의 치료가 필요 없으며, 퇴원 후 상처소독은 안 하셔도 됩니다.",실밥 뺀 뒤 상처에 문제가 없으면 더 치료 안 해도 돼요.,https://www.snuh.org/board/B016/view.do?bbs_no=3607,김하영,실밥 제거 후 상처 문제 으면 이상 치료 필요 으며 퇴원 후 상처 소독 안 시 어도
338,339,상처 관리,후두전절제술을 받게 되면 영구기관 절개공으로 평생 호흡해야 합니다.,후두전절제술 수술을 하면 목에 구멍이 생기고 앞으로는 그 구멍으로 숨 쉬게 돼요.,https://www.snuh.org/board/B016/view.do?bbs_no=3607,김하영,후두 전 절제술 받 영구 기관 절개 공 평생 호흡
339,340,상처 관리,"기관절개공으로 이물질, 곤충, 먼지, 물이 들어가지 않도록 주의하고 목욕, 샤워 시 가려주어야 하며, 평소 두툼한 천으로 만들어진 덮개를 사용하여 기관절개공이 외부에 노출되지 않도록 합니다.",목에 있는 숨 쉬는 구멍에 벌레나 먼지나 물이 들어가지 않게 조심해요. 씻을 때는 꼭 덮개로 가려야 해요. 평소에도 부드러운 천으로 가려주세요.,https://www.snuh.org/board/B016/view.do?bbs_no=3607,김하영,기관 절개 공 이물질 곤충 먼지 물 들어가 도록 주의 목욕 샤워 시 가리 평소 두툼 천 만들 덮개 사용 기관 절개 공 외부 노출 도록
340,341,상처 관리,습도가 유지되는 환경에 있도록 하고 차가운 날씨에는 외부 공기의 직접 호흡을 삼갑니다.,공기가 너무 건조하지 않게 해 주세요. 추운 날엔 바깥 공기를 바로 마시지 마세요.,https://www.snuh.org/board/B016/view.do?bbs_no=3607,김하영,습도 유지 환경 있 도록 차갑 날씨 외부 공기 직접 호흡 삼가
341,342,상처 관리,기도 분비물은 자주 가볍게 닦아서 제거하여 기관절개공을 위생적으로 유지해야 합니다.,숨 쉬는 구멍에 끈적한 게 생기면 자주 살살 닦아내서 깨끗하게 해 주세요.,https://www.snuh.org/board/B016/view.do?bbs_no=3607,김하영,기도 분비물 자주 가볍 닦 제거 기관 절개 공 위생 유지
342,343,상처 관리,"후두부분절제술로기관 캐뉼라가 있는 경우, 기관 캐뉼라와 기관절개부위를 관리하고 소독해야 합니다.",숨 쉬는 관이 있는 사람은 그 관과 그 자리도 자주 닦고 약 발라야 해요.,https://www.snuh.org/board/B016/view.do?bbs_no=3607,김하영,후두 부분 절제술 기관 캐뉼라 경우 기관 캐뉼라 기관 절개 부위 관리 소독
343,344,상처 관리,"상부기도를 우회하여 차갑고 건조한 공기를 직접 들이 쉬게 되면 폐에 분비물이 많이 생기고, 분비물이 기관 캐뉼라에 말라붙어 막히는 일이 발생할 수 있습니다.",차고 마른 공기를 바로 마시면 폐에 끈적한 게 생겨서 숨 쉬는 관이 막힐 수 있어요.,https://www.snuh.org/board/B016/view.do?bbs_no=3607,김하영,상부 기도 우회 차갑 건조 공기 직접 들이 쉬 폐에 분비물 많이 생기 분비물 기관 캐뉼라 말라붙 막히 발생 있
344,345,상처 관리,캐뉼라가 막히게 되면 호흡이 어려워져 응급 상황이 발행할 수 있으므로 예방을 위해 적절한 습도 유지가 중요합니다.,숨 쉬는 관이 막히면 숨 쉬기 힘들어져요. 그래서 공기가 너무 마르지 않게 해야 해요.,https://www.snuh.org/board/B016/view.do?bbs_no=3607,김하영,캐뉼라 막히 호흡 어렵 응급 상황 발행 있 으므로 예방 적절하 습도 유지 중요
345,346,상처 관리,캐뉼라 분비물에 대해서는 흡인하거나 잠시 캐뉼라를 꺼내어 분비물 제거 후 재삽입하면 됩니다.,관 안에 끈적한 게 있으면 빨아내거나 잠깐 빼서 닦고 다시 끼우면 돼요.,https://www.snuh.org/board/B016/view.do?bbs_no=3607,김하영,캐뉼라 분비물 흡인 거나 잠시 캐뉼라 꺼내 분비물 제거 후 재 삽입
346,347,상처 관리,수술부위가 붓거나 출혈 발생 시 즉시 병원에 문의 바랍니다.,수술한 데가 붓거나 피가 나면 바로 병원에 연락하세요.,https://www.snuh.org/board/B016/view.do?bbs_no=3607,김하영,수술 부위 붓 거나 출혈 발생 시 즉시 병원 문의 바라
347,348,통증 관리,수술 후 통증은 서서히 호전됩니다.,수술하고 나서 아픈 건 시간이 지나면 점점 나아져요.,https://www.snuh.org/board/B016/view.do?bbs_no=3607,김하영,수술 후 통증 서서히 호전
348,349,통증 관리,수술 후 약간의 부종과 피부 감각 저하가 일어 날 수 있으나 대부분 일시적이며 시간이 지나면 호전됩니다.,"수술한 데가 좀 붓거나 피부 느낌이 이상할 수 있는데, 보통은 잠깐만 그래요.",https://www.snuh.org/board/B016/view.do?bbs_no=3607,김하영,수술 후 약간 부종 피부 감각 저하 일 나 있 으나 대부분 일시 시간 지나 호전
349,350,통증 관리,심한 통증이 지속 되거나 발열 등의 증상이 동반될 경우 병원으로 문의 하십시오.,계속 많이 아프거나 열이 나면 병원에 꼭 말하세요.,https://www.snuh.org/board/B016/view.do?bbs_no=3607,김하영,심 통증 지속 거나 발열 증상 동반 경우 병원 문의 시
350,351,통증 관리,수술부위가 당기는 듯한 느낌은 정상입니다.,수술한 데가 당기는 느낌이 들면 그건 괜찮은 거예요.,https://www.snuh.org/board/B016/view.do?bbs_no=3607,김하영,수술 부위 당기 듯 느낌 정상
351,352,통증 관리,"질병 상태, 수술 부위 및 방사선치료, 항암요법 등은 통증을 유발할 수 있습니다.","병이나 수술, 치료 때문에 아플 수 있어요.",https://www.snuh.org/board/B016/view.do?bbs_no=3607,김하영,질병 상태 수술 부위 및 방사선 치료 항암 요법 통증 유발 있
352,353,통증 관리,"치료의 정도에 따른 구강 변화(구강건조증), 기침, 호흡 곤란, 피부문제 등에 대해 대처할 수 있도록 의료진과 상의하십시오.","입이 마르거나, 기침 나오거나, 숨 쉬기 힘들거나, 피부가 이상한 정도를 병원 선생님한테 말하세요.",https://www.snuh.org/board/B016/view.do?bbs_no=3607,김하영,치료 정도 구강 변화 구강 건조증 기침 호흡 곤란 피부 문제 대처 있 도록 의료진 상의 시
353,354,일상생활,목을 뒤로 과도하게 젖히는 자세를 제외하면 활동 제한은 없습니다.,고개를 너무 뒤로 젖히지만 않으면 뭐든 할 수 있어요.,https://www.snuh.org/board/B016/view.do?bbs_no=3607,김하영,목 뒤 과도 젖히 자세 제외 활동 제한
354,355,병원 방문,"고열(38.3도 이상),수술부위의 심한 통증, 부종, 발적, 혈종, 출혈, 고름이나 진물이 나오는 경우에는 병원으로 연락하십시오.","열이 나거나, 많이 아프거나, 붓거나, 피나 진물이 나오면 병원에 꼭 연락하세요.",https://www.snuh.org/board/B016/view.do?bbs_no=3607,김하영,고 열 도 이상 수술 부위 심하 통증 부종 발 혈종 출혈 고름 나 물 나오 경우 병원 연락 시
355,356,병원 방문,호흡곤란이 있는 경우 즉시 응급실로 방문하시기 바랍니다.,숨 쉬기 힘들면 바로 응급실에 가세요.,https://www.snuh.org/board/B016/view.do?bbs_no=3607,김하영,호흡 곤란 경우 즉시 응급실 방문 시 바라
356,357,식사,"수술 후 상처회복을 돕고 체력을 보강하기 위해 단백질(고기, 생선, 콩, 두부, 계란 등)과 비타민C(과일, 야채)를 많이 드십시오.","상처가 빨리 낫게 하려면 고기, 생선, 콩, 과일, 야채를 많이 드세요.",https://www.snuh.org/board/B016/view.do?bbs_no=3611,김하영,수술 후 상처 회복 돕 체력 보강 단백질 고기 생선 콩 두부 계란 비타민 과일 야채 많이 들 시
357,358,식사,"항암치료 전에는 건강보조식품(홍삼, 상황버섯 등)이 간에 부담을 줄 수 있으므로 삼가십시오.",치료 전에 홍삼이나 버섯 같은 건강식품은 간이 힘들어질 수 있어서 먹지 마세요.,https://www.snuh.org/board/B016/view.do?bbs_no=3611,김하영,항암 치료 전 건강 보조 식품 홍삼 상황버섯 간 부담 주 있 으므로 삼가 시
358,359,식사,술과 담배는 회복 후에도 계속 삼가십시오.,몸이 다 나은 뒤에도 술과 담배는 하지 마세요.,https://www.snuh.org/board/B016/view.do?bbs_no=3611,김하영,술 담배 회복 후 계속 삼가 시
359,360,운동,"목, 팔꿈치, 손목, 손가락 운동 및 팔에 통증이 없다면 팔을 옆과 앞으로 45도 정도 벌리는 운동을 시행합니다(하루 3회, 1회 약 10분간).","목이랑 팔꿈치, 손목, 손가락이 안 아프면, 팔을 옆으로 앞쪽으로 조금 벌리는 운동을 하세요. 하루에 3번, 한 번에 10분 정도 하세요.",https://www.snuh.org/board/B016/view.do?bbs_no=3611,김하영,목 팔꿈치 손목 손가락 운동 및 팔 통증 다면 팔 옆 앞 정도 벌리 운동 시행 하루 회 회 약 분 간
360,361,운동,첫 외래 이후 상처에 문제가 없다면 팔을 올리는 연습을 시행합니다.,병원에 다시 갔을 때 상처가 괜찮으면 팔을 위로 올리는 연습을 할 거에요.,https://www.snuh.org/board/B016/view.do?bbs_no=3611,김하영,첫 외래 이후 상처 문제 다면 팔 올리 연습 시행
361,362,운동,팔운동의 범위와 강도는 점진적으로 증가시킵니다.,팔 운동은 처음엔 조금씩 하다가 점점 많이 하세요.,https://www.snuh.org/board/B016/view.do?bbs_no=3611,김하영,팔 운동 범위 강도 점진 증가 시키
362,363,운동,"운동 후 1-2시간이 지나도 통증이 있거나, 팔이 부으면 무리한 것이므로 휴식을 취하고 운동의 강도를 낮춥니다.",운동하고 1~2시간 뒤에도 계속 아프거나 팔이 붓는다면 너무 무리한 거니까 쉬고 운동을 조금만 하세요.,https://www.snuh.org/board/B016/view.do?bbs_no=3611,김하영,운동 후 시간 지나 어도 통증 있 거나 팔 붓 으면 무리 므로 휴식 취하 운동 강도 낮추
363,364,주의사항,"림프부종은 림프절 절제를 한 경우 20%정도, 감시 림프절 절제를 한 경우 5%정도에서 나타납니다.","림프절 절제는 10명 중 2명 정도, 감시 림프절 절제는 100명중 5명 정도 림프부종이 생길 수 있어요.",https://www.snuh.org/board/B016/view.do?bbs_no=3611,김하영,림프 부종 림프절 절제 경우 정도 감시 림프절 절제 경우 정도 나타나
364,365,주의사항,림프부종을 예방하기위해 꾸준히 팔 스트레칭을 합니다.,팔이 붓지 않게 하려면 팔을 자주 쭉쭉 펴 주세요.,https://www.snuh.org/board/B016/view.do?bbs_no=3611,김하영,림프 부종 예방 꾸준히 팔 스트레칭
365,366,주의사항,건조한 날에는 피부가 트지 않도록 팔에 로션을 바릅니다.,날씨가 건조한 날엔 팔에 로션을 발라서 피부가 안 트게 하세요.,https://www.snuh.org/board/B016/view.do?bbs_no=3611,김하영,건조 날 피부 트 도록 팔 로션 바르
366,367,주의사항,"찜질방 등의 더운 곳에 오래 있거나, 김장, 이사 등의 힘든 일은 삼가십시오.","찜질방처럼 더운 데 오래 있거나 김치 담그는 일, 이사처럼 힘든 일은 하지 마세요.",https://www.snuh.org/board/B016/view.do?bbs_no=3611,김하영,찜질방 덥 곳 오래 거나 김장 이사 힘들 삼가 시
367,368,주의사항,팔에 상처가 나지 않게 조심하여야 합니다.,팔에 상처가 안 나게 조심하세요.,https://www.snuh.org/board/B016/view.do?bbs_no=3611,김하영,팔 상처 나 조심
368,369,주의사항,상처가 생기면 소독을 잘 해줍니다.,상처가 생기면 깨끗하게 해줘야해요.,https://www.snuh.org/board/B016/view.do?bbs_no=3611,김하영,상처 생기 소독 잘
369,370,주의사항,"수술한 팔로는 혈압을 재거나, 채혈을 하지 않기를 권장합니다.",수술한 팔에는 혈압 재거나 피 뽑는 걸 하지 않는 게 좋아요.,https://www.snuh.org/board/B016/view.do?bbs_no=3611,김하영,수술 팔 혈압 재 거나 채혈 권장
370,371,상처 관리,상처를 봉합한 실이나 의료용 피부 스테이플러는 보통 수술 후 1-2주 후에 외래에서 제거합니다.,상처를 꿰맨 실이나 철은 보통 수술하고 1-2주 뒤에 병원에서 빼요.,https://www.snuh.org/board/B016/view.do?bbs_no=3611,김하영,상처 봉합 실 이나 의료 용 피부 스테이플러 보통 수술 후 주 후 외래 제거
371,372,상처 관리,실밥제거 후에는상처에문제가 없으면더 이상의 치료가필요 없습니다.,실밥을 뗀 다음에 상처가 괜찮으면 더는 치료 안 해도 돼요.,https://www.snuh.org/board/B016/view.do?bbs_no=3611,김하영,실밥 제거 후 상처 문제 으면 이상 치료 필요
372,373,상처 관리,상처가 벌어지거나 붉게 변하고 통증이 있으면 병원으로 문의 하십시오.,상처가 벌어지거나 빨갛게 되고 아프면 병원에 말하세요.,https://www.snuh.org/board/B016/view.do?bbs_no=3611,김하영,상처 벌어지 거나 붉 변하 통증 있 으면 병원 문의 시
373,374,상처 관리,부분절제를 한 경우 사용하는 흰색의 테이프는 1-2개월 정도 지나면 떨어집니다.,흰색 테이프는 1~2달 지나면 저절로 떨어져요.,https://www.snuh.org/board/B016/view.do?bbs_no=3611,김하영,부분 절제 경우 사용 흰색 테이프 개월 정도 지나 떨어지
374,375,상처 관리,가려움이 없다면 그대로 두십시오.,간지럽지 않으면 그냥 두세요.,https://www.snuh.org/board/B016/view.do?bbs_no=3611,김하영,가려움 다면 그대로 두 시
375,376,통증 관리,심한 통증이 나타나는 경우는 드뭅니다.,많이 아픈 일은 거의 없어요.,https://www.snuh.org/board/B016/view.do?bbs_no=3611,김하영,심 통증 나타나 경우 드물
376,377,통증 관리,만약 심한 통증이 나타나면 병원에 문의 하십시오.,근데 정말 많이 아프면 병원에 말하세요.,https://www.snuh.org/board/B016/view.do?bbs_no=3611,김하영,만약 심하 통증 나타나 병원 문의 시
377,378,통증 관리,"수술부위와 안쪽 팔이 가끔 쑤시거나, 무감각한 증상은 정상입니다.",수술한 곳이랑 팔 안쪽이 쑤시거나 느낌이 없을 때도 있는데 괜찮아요.,https://www.snuh.org/board/B016/view.do?bbs_no=3611,김하영,수술 부위 안쪽 팔 가끔 쑤시 거나 무 감각 증상 정상
378,379,통증 관리,"시간이 지남에 따라 이 증상의 빈도는 줄어들지만, 몇 년 동안 지속될 수 있습니다.",이런 느낌은 시간이 지나면 줄어들지만 오래 갈 수도 있어요.,https://www.snuh.org/board/B016/view.do?bbs_no=3611,김하영,시간 지나 ᆷ 증상 빈도 줄어들 몇 동안 지속 있
379,380,통증 관리,"너무 움직이지 않으면 통증이 나타날 수 있으므로 꾸준히 운동하고, 긴장을 완화시키며, 통증이 있는 곳 주변을 가볍게 마사지합니다.","너무 안 움직이면 아플 수 있어요. 그래서 조금씩 자주 움직이고, 아픈 데 주위는 살살 문질러 주세요.",https://www.snuh.org/board/B016/view.do?bbs_no=3611,김하영,너무 움직이 으면 통증 나타나 있 으므로 꾸준히 운동 긴장 완화 시키 통증 있 곳 주변 가볍 마사지
380,381,통증 관리,"지속적이고 심한 통증이 있는 경우, 병원으로 문의 하십시오.",계속 아프고 많이 아프면 병원에 꼭 말하세요.,https://www.snuh.org/board/B016/view.do?bbs_no=3611,김하영,지속 심하 통증 경우 병원 문의 시
381,382,목욕 및 샤워,통목욕은 실밥 제거 1-2주 후부터 가능합니다.,실밥을 뗀 지 1~2주 지나면 탕 안에 들어가도 돼요.,https://www.snuh.org/board/B016/view.do?bbs_no=3611,김하영,통 목욕 실밥 제거 주 후 가능
382,383,일상생활,"청소, 세탁, 요리 등 가벼운 가사활동은 퇴원 1-2주 후부터 가능합니다.",집안일은 병원에서 나온 지 1~2주 후부터 할 수 있어요.,https://www.snuh.org/board/B016/view.do?bbs_no=3611,김하영,청소 세탁 요리 가볍 가사 활동 퇴원 주 후 가능
383,384,일상생활,"가사활동은 점진적으로 증가시키며, 팔이 무겁거나 아프면 팔을 편안한 쿠션에 올리고 쉽니다.","집안일은 조금씩 늘려 하고, 팔이 무겁거나 아프면 푹신한 데에 올려놓고 쉬세요.",https://www.snuh.org/board/B016/view.do?bbs_no=3611,김하영,가사 활동 점진 증가 시키 팔 무겁 거나 아프 팔 편안 쿠션 올리 쉬
384,385,일상생활,"대부분의 경우 사무실 근무는 수술로부터 2주 후, 육체노동은 1-2개월 후 가능합니다.","앉아서 일하는 건 수술하고 2주 뒤, 몸 쓰는 일은 1~2달 뒤에 할 수 있어요.",https://www.snuh.org/board/B016/view.do?bbs_no=3611,김하영,대부분 경우 사무실 근무 수술 로부터 주 후 육체노동 개월 후 가능
385,386,일상생활,"육체노동을 할 경우 팔에 부종이 나타날 수 있으므로 예방 및 치료방법에 관한 교육을 받으십시오(매주 금요일 10-12시, 유방센터).",몸 쓰는 일을 하면 팔이 부을 수 있어서 병원에서 예방 및 치료방법에 대해 배우세요.,https://www.snuh.org/board/B016/view.do?bbs_no=3611,김하영,육체노동 경우 팔 부종 나타나 있 으므로 예방 및 치료 방법 관하 교육 받 으시 ᆸ시오 매주 금요일 시 유방 센터
386,387,일상생활,"운전을 시작할 수 있는 시기는 수술범위에 따라 다양하지만, 대개 수술 3-4주 후부터 가능합니다.",운전은 보통 수술하고 3~4주 뒤부터 할 수 있어요.,https://www.snuh.org/board/B016/view.do?bbs_no=3611,김하영,운전 시작 있 시기 수술 범위 다양 대개 수술 주 후 가능
387,388,일상생활,단거리 운전에서부터 시작하여 점차 거리를 증가시킵니다.,"처음엔 짧은 거리만 운전하고, 점점 늘려가세요.",https://www.snuh.org/board/B016/view.do?bbs_no=3611,김하영,단거리 운전 에서부터 시작 점차 거리 증가 시키
388,389,일상생활,수술범위에 따라 다양하지만 대개 수술 2-3주 후부터 가능합니다.,사람마다 다르지만 보통 2~3주 뒤면 괜찮아요.,https://www.snuh.org/board/B016/view.do?bbs_no=3611,김하영,수술 범위 다양 대개 수술 주 후 가능
389,390,병원 방문,"상처가 붉게 부어오름, 고열(38°C 이상), 심한 통증 지속 증상이 있는 경우, 배액관이 빠지거나 갑자기 배액량이 줄어드는 경우 병동이나 외래로 문의하거나가까운 병원이나 응급실을 방문하십시오.","상처가 빨갛게 붓거나 열이 나거나 계속 아프거나, 호스가 빠지거나 액체가 안 나올 때는 병원에 빨리 가세요.",https://www.snuh.org/board/B016/view.do?bbs_no=3611,김하영,상처 붉 부어오르 ᆷ 고열 이상 심 통증 지속 증상 경우 배 액 관 빠지 거나 갑자기 배 액 량 줄 들 경우 병동 이나 외래 문의 거나 가깝 병원 이나 응급실 방문 시
390,391,주의사항,서지브라(수술부위가 붓는 증상을 예방하기 위해 착용한 브라)는 첫 외래 방문 이후 풀어도 됩니다.,붓지 않게 입는 속옷은 병원에 다시 간 다음엔 벗어도 돼요.,https://www.snuh.org/board/B016/view.do?bbs_no=3611,김하영,서지브라 수술 부위 붓 증상 예방 착용 브라 첫 외래 방문 이후 풀 어도
391,392,주의사항,배액관을 가지고 퇴원하는 경우 수일 후 외래에서 배액관을 제거합니다. 그때까지 배액관이 빠지지 않도록 주의해 주십시오.,배액관을 가지고 집에 갔으면 며칠 뒤 병원에서 뺄거에요. 그때까지 빠지지 않게 조심하세요.,https://www.snuh.org/board/B016/view.do?bbs_no=3611,김하영,배 액 관 가지 퇴원 경우 수일 후 외래 배액관 제거 배액관 빠지 도록 주의 시
392,393,,우리나라는 BCG 접종을 의무화하고 있으므로 투베르쿨린 검사시 BCG 접종에 따라 위양성이 나올 수 있습니다.,어릴 때 맞는 BCG 주사 때문에 결핵 피부 검사에서 가짜 양성이 나올 수 있어요.,https://www.amc.seoul.kr/asan/healthinfo/management/managementDetail.do?managementId=32,조아람,우리나라 접종 의무 으므로 투베르쿨린 검사 시 접종 위 양성 나오 있
393,394,,"만약 최근에 바이러스 감염을 앓았거나, 생백신(홍역, 유행성 이하선염, 수두, 인플루엔자)를 맞았거나, 코르티코스테로이드(corticosteroids)와 같은 면역 억제 약물을 복용하고 있을 경우에는, 결핵이 몸에 있다고 하더라도 음성반응을 나타낼 수 있습니다.",최근 감기나 예방주사를 맞았거나 면역약을 먹고 있다면 결핵이 있어도 검사에서 안 나올 수 있어요.,https://www.amc.seoul.kr/asan/healthinfo/management/managementDetail.do?managementId=32,조아람,만약 최근 바이러스 감염 앓 거나 생 백신 홍역 유행 이하선염 수두 인플루엔자 맞 거나 코르티코스테로이드 면역 억제 약물 복용 경우 결핵 몸 더라도 음성 반응 나타내 있
394,395,,검사자의 지시에 따라 바륨을 삼키고 자세를 변경하는 것이 중요합니다.,검사할 땐 의료진 말대로 바륨을 삼키고 자세를 바꾸는 게 중요해요.,https://www.amc.seoul.kr/asan/healthinfo/management/managementDetail.do?managementId=13,조아람,검사자 지시 바륨 삼키 자세 변경 중요
395,396,,"기포가 발생하는 발포제를 삼켰을 경우 다량의 가스가 발생하여 입 안에 가스가 차게 되고, 트림이 유발될 수 있는데 가능한한 트림을 참고 공기를 삼켜야 정확한 검사를 시행할 수 있습니다.",가스를 만드는 약을 먹은 뒤엔 트림을 참아야 검사를 더 정확하게 할 수 있어요.,https://www.amc.seoul.kr/asan/healthinfo/management/managementDetail.do?managementId=13,조아람,기포 발생 발포 제 삼키 경우 다량 가스 발생 입 안 가스 차 트림 유발 는데 가능 트림 참 공기 삼키 정확 검사 시행 있
396,397,,"검사 시 사용하는 바륨으로 인해 오심, 구토, 두드러기, 호흡곤란 등이 생길 수 있으며 변비가 발생할 수 있으므로 금기가 아닌 경우 검사 후 2~3일간 충분한 수분을 섭취를 해주는 것이 좋습니다.","검사약 때문에 메스껍거나 숨이 찰 수 있고, 변비가 올 수 있어요. 검사 후엔 물을 많이 마셔주세요.",https://www.amc.seoul.kr/asan/healthinfo/management/managementDetail.do?managementId=13,조아람,검사 시 사용 바륨 인하 오심 구토 두드러기 호흡 곤란 생기 있 으며 변비 발생 있 으므로 금기 가 경우 검사 후 일간 충분 수분 섭취 좋
397,398,,연하곤란증이 있는 경우 바륨이 식도가 아닌 기도로 넘어갈 수 있으므로 주의해야 합니다.,음식을 삼키기 힘든 분은 검사약이 기도로 들어갈 수 있어 조심해야 해요.,https://www.amc.seoul.kr/asan/healthinfo/management/managementDetail.do?managementId=13,조아람,연하 곤란 증 경우 바륨 식도 가 기도 넘어가 있 으므로 주의
398,399,,장폐쇄나 천공이 있을 경우 검사를 시행하지 않습니다.,장이 막히거나 구멍이 나 있으면 이 검사는 하면 안 돼요.,https://www.amc.seoul.kr/asan/healthinfo/management/managementDetail.do?managementId=13,조아람,장 폐쇄 나 천공 경우 검사 시행
399,400,,X-선을 이용한 검사로 임신부이거나 임신 가능성이 있는 경우 의료진과 상의 후 검사 여부를 결정하여야 합니다.,엑스레이를 쓰는 검사라 임신 중이거나 가능성이 있으면 의사와 먼저 상의하세요.,https://www.amc.seoul.kr/asan/healthinfo/management/managementDetail.do?managementId=13,조아람,선 이용 검사 임신부 거나 임신 가능 경우 의료진 상의 후 검사 여부 결정
400,401,,"조영제 주입 시 일부 환자에서 화끈거림, 통증, 가려움, 호흡곤란, 저혈압, 쇼크 등의 부작용이 생길 수 있습니다.","검사약을 넣을 때 뜨겁거나 숨이 차고, 심하면 기절할 수도 있어요.",https://www.amc.seoul.kr/asan/healthinfo/management/managementDetail.do?managementId=13,조아람,조영제 주입 시 일부 환자 화끈거리 통증 가려움 호흡곤란 저 혈압 쇼크 부작용 생기 있
401,402,,"심한 운동, 신장 손상, 만성근육질환, 갑상선호르몬 농도가 낮은 경우, 알콜남용의 경우 CK-MB 농도가 증가할 수 있습니다.","격한 운동이나 콩팥, 근육, 갑상선 문제, 술 때문에 검사 수치가 높아질 수 있어요.",https://www.amc.seoul.kr/asan/healthinfo/management/managementDetail.do?managementId=100,조아람,심 운동 신장 손상 만성 근육 질환 갑상선 호르몬 농도 낮 경우 알콜 남용 경우 농도 증가 있
402,403,,"검사 전 흡연, 음주, 무리한 운동, 커피 등은 검사 결과에 영향을 줄 수 있으므로 금하는 것이 좋습니다.","검사 전에 담배, 술, 심한 운동, 커피는 검사에 영향을 줄 수 있으니 피해주세요.",https://www.amc.seoul.kr/asan/healthinfo/management/managementDetail.do?managementId=28,조아람,검사 전 흡연 음주 무리 운동 커피 검사 결과 영향 주 있 으므로 금하 좋
403,404,,"심전도에서 비정상적인 소견이 나왔을 경우 심장초음파, 심장혈관조영술 등 추가적인 정밀검사가 필요할 수 있습니다.",심전도 검사에서 이상이 나오면 다른 정밀 검사를 더 해야 할 수 있어요.,https://www.amc.seoul.kr/asan/healthinfo/management/managementDetail.do?managementId=28,조아람,심전도 비 정상 소견 나오 경우 심장 초 음파 심장 혈관 조영술 추가 정밀 검사 필요 있
404,405,,정확한 검사를 위해 검사가 끝날 때까지 움직이지 말아야 합니다.,검사가 끝날 때까지 몸을 움직이지 않아야 정확한 결과가 나와요.,https://www.amc.seoul.kr/asan/healthinfo/management/managementDetail.do?managementId=346,조아람,정확 검사 검사 끝나 움직이 말
405,406,,협조가 되지 않는 경우 검사 결과가 정확하지 않을 수 있습니다.,검사를 제대로 받지 않으면 결과가 정확하지 않을 수 있어요.,https://www.amc.seoul.kr/asan/healthinfo/management/managementDetail.do?managementId=346,조아람,협조 가 경우 검사 결과 정확 있
406,407,,검사 후 지혈을 위해 시술 부위를 약 30분간 손으로 압박합니다.,검사 후 피가 나지 않도록 30분 정도 손으로 누르고 있어야 해요.,https://www.amc.seoul.kr/asan/healthinfo/management/managementDetail.do?managementId=346,조아람,검사 후 지혈 시술 부위 약 분 간 손 압박
407,408,,필요시 약 2일 정도 압박 붕대를 가슴에 감고 있을 수 있습니다.,필요한 경우 2일 정도 가슴에 붕대를 감고 있어야 해요.,https://www.amc.seoul.kr/asan/healthinfo/management/managementDetail.do?managementId=346,조아람,필요시 약 일 정 압박 붕대 가슴 감 있
408,409,,"검사 후 24시간 동안 안정을 취하고, 48시간 동안 과격한 운동은 하지 않도록 합니다.","검사 후 하루는 푹 쉬고, 이틀 동안은 격한 운동을 하지 마세요.",https://www.amc.seoul.kr/asan/healthinfo/management/managementDetail.do?managementId=346,조아람,검사 후 시간 동안 안정 취하 시간 동안 과격 운동 도록
409,410,,약 5~7일 정도 시술 부위에 물이 닿지 않게 하는 것이 상처 치유에 도움이 됩니다.,상처가 잘 낫도록 5~7일 정도는 시술 부위에 물이 닿지 않게 하세요.,https://www.amc.seoul.kr/asan/healthinfo/management/managementDetail.do?managementId=346,조아람,약 정도 시술 부위 물 닿 상처 치유 도움
410,411,,"검사 후 유방이 붓는 경우, 심한 멍이나 통증이 발생하는 경우, 출혈 여부를 관찰하도록 합니다.","검사 후 유방이 붓거나 멍, 통증이 생기면 피가 나는지 살펴보세요.",https://www.amc.seoul.kr/asan/healthinfo/management/managementDetail.do?managementId=346,조아람,검사 후 유방 붓 경우 심하 멍 이나 통증 발생 경우 출혈 여부 관찰 도록
411,412,,이상이 있는 경우 의료진과 상의하도록 합니다.,몸에 이상이 생기면 바로 병원에 알려주세요.,https://www.amc.seoul.kr/asan/healthinfo/management/managementDetail.do?managementId=346,조아람,이상 있 경우 의료진 상의 도록
412,413,,"드물게 유방 통증, 감염, 피부 열상, 국소 마취제 부작용, 미주신경 반사성 실신 등이 발생할 수 있습니다.","가끔 유방 통증이나 감염, 피부가 벗겨지거나 마취약에 반응해 기절할 수 있어요.",https://www.amc.seoul.kr/asan/healthinfo/management/managementDetail.do?managementId=346,조아람,드물 유방 통증 감염 피부 열 상 국소 마취제 부작용 미주 신경 반사 실신 발생 있
413,414,,검사 후 지혈을 위해 시술 부위를 약 30분간 손으로 압박합니다.,검사 부위에 피가 멈추도록 30분간 손으로 눌러주세요.,https://www.amc.seoul.kr/asan/healthinfo/management/managementDetail.do?managementId=347,조아람,검사 후 지혈 시술 부위 약 분 간 손 압박
414,415,,필요시 약 2일 정도 압박 붕대를 가슴에 감고 있을 수 있습니다.,필요한 경우 이틀 정도 가슴에 붕대를 감고 있을 수 있어요.,https://www.amc.seoul.kr/asan/healthinfo/management/managementDetail.do?managementId=347,조아람,필요시 약 일 정 압박 붕대 가슴 감 있
415,416,,"검사 후 24시간 동안 안정을 취하고, 48시간 동안 과격한 운동은 하지 않도록 합니다.","검사 후 하루는 쉬고, 이틀 동안은 격한 운동은 하지 마세요.",https://www.amc.seoul.kr/asan/healthinfo/management/managementDetail.do?managementId=347,조아람,검사 후 시간 동안 안정 취하 시간 동안 과격 운동 도록
416,417,,약 5~7일 정도 시술 부위에 물이 닿지 않게 하는 것이 상처 치유에 도움이 됩니다.,상처가 잘 아물도록 5~7일 동안은 물이 닿지 않게 하세요.,https://www.amc.seoul.kr/asan/healthinfo/management/managementDetail.do?managementId=347,조아람,약 정도 시술 부위 물 닿 상처 치유 도움
417,418,,"검사 후 유방이 붓는 경우, 심한 멍이나 통증이 발생하는 경우, 출혈 여부를 관찰하도록 합니다.",검사 후 유방이 붓거나 아프면 피가 나는지 살펴보세요.,https://www.amc.seoul.kr/asan/healthinfo/management/managementDetail.do?managementId=347,조아람,검사 후 유방 붓 경우 심하 멍 이나 통증 발생 경우 출혈 여부 관찰 도록
418,419,,이상이 있는경우 의료진과 상의하도록 합니다.,이상이 느껴지면 바로 병원에 알려주세요.,https://www.amc.seoul.kr/asan/healthinfo/management/managementDetail.do?managementId=347,조아람,이상 있 경우 의료진 상의 도록
419,420,,"드물게 출혈, 혈종, 유방 통증, 감염, 피부열상, 국소마취제 부작용, 미주신경 반사성 실신등이 발생할 수 있습니다.","드물게 피가 나거나 멍이 들고, 유방 통증이나 기절할 수 있어요.",https://www.amc.seoul.kr/asan/healthinfo/management/managementDetail.do?managementId=347,조아람,드물 출혈 혈종 유방 통증 감염 피부 열 상 국소 마취제 부작용 미주 신경 반사 실신 발생 있
420,421,,"근육의 양이 많은 사람, 심한 운동을 한 경우, 외상 및 수술과 같은 근육 손상, 콜레스테롤 강하제, 지나친 음주는 CK의 수치를 상승시킬 수 있습니다.",근육이 많거나 운동을 심하게 했거나 술을 많이 마시면 검사 수치가 높아질 수 있어요.,https://www.amc.seoul.kr/asan/healthinfo/management/managementDetail.do?managementId=99,조아람,근육 양 많 심 운동 경우 외상 및 수술 근육 손상 콜레스테롤 강하제 지나치 음주 의 수치 상승 시키 있
421,422,,그리고 임신 초기에는 CK 수치가 감소할 수 있으므로 결과에 반영하거나 영향을 주는 요인은 사전에 조절하여 검사를 준비하도록 합니다.,임신 초기에는 수치가 낮아질 수 있어요. 검사 전 이런 영향을 주는 요인은 미리 조절하세요.,https://www.amc.seoul.kr/asan/healthinfo/management/managementDetail.do?managementId=99,조아람,그리고 임신 초기 수치 감소 있 으므로 결과 반영 거나 영향 주 요인 사전 조절 검사 준비 도록
422,423,,"트로포닌 수치는 심근염, 울혈성 심부전, 심한 감염, 신부전, 만성피부염일 때에도 상승할 수 있습니다.",트로포닌 수치는 심장질환 외에도 감염이나 신장병이 있으면 올라갈 수 있어요.,https://www.amc.seoul.kr/asan/healthinfo/management/managementDetail.do?managementId=101,조아람,트로포닌 수치 심근 염 울혈성 심부전 심 감염 신부전 만성 피부염 상승 있
423,424,,그러므로 증가된 트로포닌 농도만으로 심근경색이나 심장마비를 진단하는것은 바람직하지 않으며 정확한 진단을 위해서는 추가적인 검사가 필요합니다.,트로포닌 수치만으로는 심장병을 단정 짓기 어려워요. 다른 검사도 필요해요.,https://www.amc.seoul.kr/asan/healthinfo/management/managementDetail.do?managementId=101,조아람,그러므로 증가 트로포닌 농도 심근 경색 이나 심장 마비 진단 바람직 으며 정확 진단 추가 검사 필요
424,425,,트로포닌은 힘든 운동 후에도 증가할 수 있으나 심근 질환과 관련된 흉통 등의 증상 및 징후가 함께 발생하지 않는다면 임상적으로 의미를 갖지 않습니다.,운동을 심하게 해도 수치가 올라갈 수 있어요. 가슴 통증 같은 증상도 함께 봐야 해요.,https://www.amc.seoul.kr/asan/healthinfo/management/managementDetail.do?managementId=101,조아람,트로포 닌 힘들 운동 후 증가 있 으나 심근 질환 관련 흉 통 증상 및 징후 함께 발생 는다면 임상 의미 갖
425,426,,모유 수유 중인 경우에는 검사 후 일정 기간 동안 수유를 중지해야 합니다.,모유 수유 중이면 검사를 한 뒤 잠시 수유를 쉬어야 해요.,https://www.amc.seoul.kr/asan/healthinfo/management/managementDetail.do?managementId=149,조아람,모유 수 유 경우 검사 후 일정 기간 동안 수 유 중지
426,427,,"내시경 검사와 조직 검사로 인한 출혈, 천공이 매우 드물게 발생할 수 있으며 내시경 검사 중 발생하는 출혈의 경우 내시경을 이용하여 지혈이 가능하나 추가 처치를 위해 입원이 필요할 수 있습니다.",내시경 검사 중 드물게 출혈이나 구멍이 생길 수 있고 치료가 필요할 수 있어요.,https://www.amc.seoul.kr/asan/healthinfo/management/managementDetail.do?managementId=42,조아람,내시경 검사 조직 검사 인하 출혈 천공 매우 드물 발생 있 으며 내시경 검사 발생 출혈 경우 내시경 이용 지혈 가능 나 추가 처치 입원 필요 있
427,428,,"천공이 발생한 경우에는 내시경을 이용한 봉합술, 항생제 치료, 수술적 치료가 필요할 수 있습니다.","구멍이 생기면 내시경으로 꿰매거나 약물, 수술 치료가 필요할 수 있어요.",https://www.amc.seoul.kr/asan/healthinfo/management/managementDetail.do?managementId=42,조아람,천공 발생 경우 내시경 이용 봉합 술 항생제 치료 수술 치료 필요 있
428,429,,그외 감염의 가능성이 있습니다.,드물게 감염이 생길 수 있어요.,https://www.amc.seoul.kr/asan/healthinfo/management/managementDetail.do?managementId=42,조아람,외 감염 가능 있
429,430,,수면내시경 검사 시 투여된 진정제로 인하여 위험하므로 검사 당일 운전은 하시면 안됩니다.,수면내시경을 한 날은 졸릴 수 있어 운전하면 안 돼요.,https://www.amc.seoul.kr/asan/healthinfo/management/managementDetail.do?managementId=42,조아람,수면 내시경 검사 시 투여 진정제 인하 위험 므로 검사 당일 운전 시 안
430,431,,"소변줄을 삽입하는 과정으로 인해 검사 후 2~3일간 잔뇨감, 혈뇨, 약간의 통증이 발생할 수 있습니다.","소변줄을 넣은 뒤엔 2~3일 정도 소변이 남는 느낌, 피나 통증이 있을 수 있어요.",https://www.amc.seoul.kr/asan/healthinfo/management/managementDetail.do?managementId=11,조아람,소변 줄 삽입 과정 인하 검사 후 일간 잔뇨감 혈뇨 약간 통증 발생 있
431,432,,소아의 경우는 검사 중 소변줄의 삽입에 따른 요로 감염을 예방하기 위해 의사의 처방에 따라 검사 당일과 다음날 항생제를 복용합니다.,아이는 소변줄을 넣을 때 감염 예방을 위해 약을 쓸 수 있어요.,https://www.amc.seoul.kr/asan/healthinfo/management/managementDetail.do?managementId=11,조아람,소아 경우 검사 소변 줄 삽입 요로 감염 예방 의사 처방 검사 당일 다음날 항생제 복용
432,433,,X-선을 이용한 검사로 임산부이거나 임신 가능성이 있는 경우 의료진과 상의 후 검사 여부를 결정하여야 합니다.,엑스레이를 사용하는 검사라 임신 중이거나 임신 가능성이 있으면 검사 전에 의사와 상의하세요.,https://www.amc.seoul.kr/asan/healthinfo/management/managementDetail.do?managementId=11,조아람,선 이용 검사 임산부 거나 임신 가능 경우 의료진 상의 후 검사 여부 결정
433,434,,"방광요도조영검사를 위한 카테터 삽입시 불편감이 있을 수 있으며, 검사 후 카테터 삽입부위에 감염이나 출혈이 발생할 수 있습니다.","소변 검사 때 관을 넣으면 불편할 수 있고, 잠깐 피가 나거나 소변 볼 때 따가울 수 있어요.",https://www.amc.seoul.kr/asan/healthinfo/management/managementDetail.do?managementId=11,조아람,방광 요도 조영 검사 카테터 삽입 시 불편 감 있 있 으며 검사 후 카테터 삽입 부위 감염 이나 출혈 발생 있
434,435,,"지속적인 통증이나 출혈, 부종, 열감이 있을 시 의료진에게 알려야 합니다.","통증, 피, 붓기, 열이 계속되면 병원에 알려주세요.",https://www.amc.seoul.kr/asan/healthinfo/management/managementDetail.do?managementId=11,조아람,지속 통증 이나 출혈 부종 열 감 있 시 의료진 알리
435,436,,"소변줄을 삽입하는 과정으로 인해 검사 후 2~3일간 잔뇨감, 혈뇨, 약간의 통증이 발생할 수 있습니다.","소변줄을 넣은 뒤 며칠 동안 소변이 남는 느낌이나 통증, 피가 나올 수 있어요.",https://www.amc.seoul.kr/asan/healthinfo/management/managementDetail.do?managementId=12,조아람,소변 줄 삽입 과정 인하 검사 후 일간 잔뇨감 혈뇨 약간 통증 발생 있
436,437,,소아의 경우는 검사 중 소변줄의 삽입에 따른 요로 감염을 예방하기 위해 의사의 처방에 따라 검사 당일과 다음날 항생제를 복용합니다.,아이들은 감염을 막기 위해 검사 전에 의사의 처방으로 약을 쓸 수 있어요.,https://www.amc.seoul.kr/asan/healthinfo/management/managementDetail.do?managementId=12,조아람,소아 경우 검사 소변 줄 삽입 요로 감염 예방 의사 처방 검사 당일 다음날 항생제 복용
437,438,,X-선을 이용한 검사로 임산부이거나 임신 가능성이 있는 경우 의료진과 상의 후 검사 여부를 결정하여야 합니다.,엑스레이 검사이기 때문에 임신 중이거나 가능성이 있다면 의사와 상의가 필요해요.,https://www.amc.seoul.kr/asan/healthinfo/management/managementDetail.do?managementId=12,조아람,선 이용 검사 임산부 거나 임신 가능 경우 의료진 상의 후 검사 여부 결정
438,439,,"배뇨성 방광요도조영술은 카테터 삽입 시 불편감이 있을 수 있으며, 검사 후 카테터 삽입 부위에 감염이나 출혈이 발생할 수 있습니다.","소변 관련 검사에서 관을 넣을 때 불편하고, 피나 소변 시 통증이 잠깐 생길 수 있어요.",https://www.amc.seoul.kr/asan/healthinfo/management/managementDetail.do?managementId=12,조아람,배뇨 방광 요도 조영술 카테터 삽입 시 불편 감 있 있 으며 검사 후 카테터 삽입 부위 감염 이나 출혈 발생 있
439,440,,"지속적인 통증이나 출혈, 부종, 열감이 있을 경우 의료진에게 알리도록 합니다.","아픔이나 붓기, 피, 열이 계속되면 병원에 꼭 알려주세요.",https://www.amc.seoul.kr/asan/healthinfo/management/managementDetail.do?managementId=12,조아람,지속 통증 이나 출혈 부종 열 감 있 경우 의료진 알리 도록
440,441,,여성의 경우 월경 전후 요 검사시 잠혈이 보일 수 있으므로 월경 기간을 피해서 검사하거나 부득이하게 검사를 시행해야 하는 경우 이를 의사에게 알려야 합니다.,생리 중엔 소변에 피가 섞여 나올 수 있어서 생리 기간은 피해서 검사해요.,https://www.amc.seoul.kr/asan/healthinfo/management/managementDetail.do?managementId=90,조아람,여성 경우 월경 전후 요 검사 시 잠 혈 보이 있 으므로 월경 기간 피하 검사 거나 부득이 검사 시행 경우 의사 알리
441,442,,"그 외 심한 운동, 감염 등의 신체 변화에 있어서도 미세한 요 잠혈이 나타날 수 있으므로 요 검사 전에는 무리한 활동을 하지 않는 것이 좋습니다.",운동을 심하게 하거나 몸에 염증이 있으면 소변에 피가 조금 나올 수 있어요.,https://www.amc.seoul.kr/asan/healthinfo/management/managementDetail.do?managementId=90,조아람,외 심 운동 감염 신체 변화 미세 요 잠 혈 나타나 있 으므로 요 검사 전 무리 활동 좋
442,443,,적은 양의 혈뇨가 한 번 있었다고 해서 이상이 있다고 할 수는 없습니다.,소변에 피가 조금 한 번 섞였다고 꼭 이상이 있는 건 아니에요.,https://www.amc.seoul.kr/asan/healthinfo/management/managementDetail.do?managementId=89,조아람,적 양 혈뇨 번 있 이상
443,444,,"혈뇨는 생리, 감염, 알레르기, 운동 및 외상에 의해 일시적으로 나타날 수 있기 때문입니다.","생리나 감염, 운동, 충격으로 소변에 피가 잠깐 섞일 수 있어요. 자세한 확인이 필요해요.",https://www.amc.seoul.kr/asan/healthinfo/management/managementDetail.do?managementId=89,조아람,혈뇨 생리 감염 알레르기 운동 및 외상 의하 일시 나타나 있
444,445,,따라서 지속적인 혈뇨가 있거나 혈뇨의 양이 많을 때 그 원인에 대해 정밀 검사가 필요합니다.,소변에 피가 계속 보이거나 양이 많으면 정확한 검사를 받아야 해요.,https://www.amc.seoul.kr/asan/healthinfo/management/managementDetail.do?managementId=89,조아람,따라서 지속 혈뇨 거나 혈뇨 양 많 원인 정밀 검사 필요
445,446,,사람 융모성 성선자극호르몬은 임신 초기에 증가하여 9~10주 쯤에는 최대치에 도달합니다.,임신 초기에는 호르몬 수치가 점점 올라가서 9~10주쯤에 가장 높아져요.,https://www.amc.seoul.kr/asan/healthinfo/management/managementDetail.do?managementId=63,조아람,사람 융모성 성선 자극 호르몬 임신 초기 증가 주 쯤 최대 치 도달
446,447,,임신 10주 이후에도 HCG 호르몬이 지속적으로 상승되어 있다면 영양막 종양을 의심할 수 있습니다.,임신 10주가 지나도 호르몬 수치가 계속 오르면 드물게 종양일 수 있어요.,https://www.amc.seoul.kr/asan/healthinfo/management/managementDetail.do?managementId=63,조아람,임신 주 이후 호르몬 지속 상승 다면 영양 막 종양 의심 있
447,448,,자궁경부암의 주요원인인 인유두종바이러스 감염 예방을 위해서는 안전한 성생활을 유지하는 것이 중요합니다.,자궁경부암을 막으려면 안전한 성생활을 지키는 게 좋아요.,https://www.amc.seoul.kr/asan/healthinfo/management/managementDetail.do?managementId=38,조아람,자궁경부암 주요 원인 인유두종 바이러스 감염 예방 안전 성생활 유지 중요
448,449,,"첫 성경험 연령이 낮을 수록 위험도는 높아진다는 연구 결과가 있으므로 첫 성경험의 연령은 늦추고 성적 대상자수를 제한하며, 콘돔을 사용하는 등 안전한 성생활 유지가 필요합니다.",성관계를 너무 일찍 시작하면 위험이 커져요. 가능한 늦게 시작하는 게 좋아요.,https://www.amc.seoul.kr/asan/healthinfo/management/managementDetail.do?managementId=38,조아람,첫 성 경험 연령 낮 수록 위험도 높 연구 결과 으므로 첫 성 경험 연령 늦추 성적 대상자 수 제한 콘돔 사용 안전 성생활 유지 필요
449,450,,국가암검진사업에 의해 30세 이상 여성은 2년에 한번씩 무료로 자궁경부암 검진을 받을 수 있습니다.,30세 이상 여성은 2년에 한 번 무료로 자궁경부암 검사를 받을 수 있어요.,https://www.amc.seoul.kr/asan/healthinfo/management/managementDetail.do?managementId=38,조아람,국가 암 검진 사업 의하 세 이상 여성 한번 씩 무료 자궁경부암 검진 받 있
450,451,,성경험이 있거나 만 20세 이상의 모든 여성은 자궁경부암 검진의 대상자가 됩니다.,성관계를 한 적이 있거나 20세가 넘으면 자궁경부암 검사를 받을 수 있어요.,https://www.amc.seoul.kr/asan/healthinfo/management/managementDetail.do?managementId=38,조아람,성 경험 있 거나 세 이상 모든 여성 자궁경부암 검진 대상자 가
451,452,,X-선을 이용한 검사로 임신부이거나 임신 가능성이 있는 경우 의료진과 상의 후 검사 여부를 결정하여야 합니다.,엑스레이를 사용하는 검사라 임신 중이거나 가능성이 있으면 병원과 상의해야 해요.,https://www.amc.seoul.kr/asan/healthinfo/management/managementDetail.do?managementId=39,조아람,선 이용 검사 임신부 거나 임신 가능 경우 의료진 상의 후 검사 여부 결정
452,453,,"조영제 주입 시 일부 환자에서 화끈거림, 통증, 가려움, 호흡곤란, 저혈압, 쇼크 등의 부작용이 생길 수 있습니다.","검사약을 넣을 때 가렵거나 숨이 차고, 드물게 기절할 수 있어요.",https://www.amc.seoul.kr/asan/healthinfo/management/managementDetail.do?managementId=39,조아람,조영제 주입 시 일부 환자 화끈거리 통증 가려움 호흡곤란 저 혈압 쇼크 부작용 생기 있
453,454,,"이전에 조영제 부작용을 경험하였거나, 평소 특이체질이거나 과민반응이 발생한 적이 있다면 검사 전 반드시 의료진에게 알려야 합니다.",예전에 검사약에 문제가 있었거나 체질이 예민하면 꼭 병원에 알려주세요.,https://www.amc.seoul.kr/asan/healthinfo/management/managementDetail.do?managementId=39,조아람,이전 조영 제 부작용 경험 거나 평소 특이 체질 거나 과민 반응 발생 적 다면 검사 전 반드시 의료진 알리
454,455,,"검사 후 일시적으로 감염, 통증 등이 나타날 수 있습니다.",검사 후 잠깐 아프거나 감염될 수 있어요.,https://www.amc.seoul.kr/asan/healthinfo/management/managementDetail.do?managementId=39,조아람,검사 후 일시 감염 통증 나타나 있
455,456,,증상이 지속될 경우 의료진에게 알려야 합니다.,증상이 계속되면 병원에 알려주세요.,https://www.amc.seoul.kr/asan/healthinfo/management/managementDetail.do?managementId=39,조아람,증상 지속 경우 의료진 알리
456,457,,전립선특이항원 수치가 증가될 수 있으므로 검체 채취 전 24시간 동안 사정을 피해야 합니다.,정확한 검사를 위해 검사 24시간 전엔 사정을 피하세요.,https://www.amc.seoul.kr/asan/healthinfo/management/managementDetail.do?managementId=137,조아람,전립선 특이 항원 수치 증가 있 으므로 검체 채취 전 시간 동안 사정 피하
457,458,,"직장수지검사나 전립선 조직검사, 전립선 절제로 인해 전립선특이항원 수치가 상승될 수 있으므로 전립선특이항원 검사는 이러한 검사를 시행하기 전에 수행해야 합니다.",전립선 관련 검사를 받으면 수치가 올라갈 수 있어요.,https://www.amc.seoul.kr/asan/healthinfo/management/managementDetail.do?managementId=137,조아람,직장 수지 검사 나 전립선 조직 검사 전립선 절제 인하 전립선 특이 항원 수치 상승 있 으므로 전립선 특이 항원 검사 이러 검사 시행 전 수행
458,459,,"전립선암이라 하더라도 암세포들이 전립선특이항원을 많이 생산하지 않을 수 있고, 전립선특이항원가 존재하더라도 양이 적어 결과가 음성으로 나올 수 있으므로 전립선특이항원 검사로 모든 전립선암을 검출할 수 있는 것은 아닙니다.","전립선암이 있어도 수치가 낮을 수 있고, 수치가 암의 심한 정도를 꼭 나타내는 건 아니에요.",https://www.amc.seoul.kr/asan/healthinfo/management/managementDetail.do?managementId=137,조아람,전립선암 더라도 암 세포 전립선 특이 항원 많이 생산 있 전립선 특이 항원 가 존재 더라도 양 적 결과 음성 나오 있 으므로 전립선 특이 항원 검사 모든 전립선암 검출 있
459,460,,"전립선특이항원의 증가는 전립선암 뿐만 아니라 전립선염, 전립선 비대증에도 나타나므로 전립선특이항원 수치 증가만으로 전립선암을 진단할 수 없으며 암 진단을 위해서는 전문의의 진료를 통한 추가적인 검사가 필요합니다.","수치가 높다고 다 암은 아니고, 염증이나 전립선이 커져도 그런 수치가 나올 수 있어요.",https://www.amc.seoul.kr/asan/healthinfo/management/managementDetail.do?managementId=137,조아람,전립선 특이 항원 증가 전립선암 뿐 전립선염 전립선 비대증 나타나 므로 전립선 특이 항원 수치 증가 전립선암 진단 으며 암 진단 전문의 진료 추가 검사 필요
460,461,,"조영제 주입 시 일부 환자에서 화끈거림, 통증, 가려움, 호흡곤란, 저혈압, 쇼크 등의 부작용이 생길 수 있습니다.",검사약을 넣을 때 일부 사람은 숨이 차거나 쇼크가 올 수 있어요.,https://www.amc.seoul.kr/asan/healthinfo/management/managementDetail.do?managementId=18,조아람,조영제 주입 시 일부 환자 화끈거리 통증 가려움 호흡곤란 저 혈압 쇼크 부작용 생기 있
461,462,,"이전에 조영제 부작용이나 과민반응을 경험한 적이 있거나 평소 특이체질인 경우, 반드시 검사 전에 이를 의료진에게 알리도록 합니다.",이전에 검사약에 이상이 있었거나 예민한 체질이면 미리 병원에 꼭 알려주세요.,https://www.amc.seoul.kr/asan/healthinfo/management/managementDetail.do?managementId=18,조아람,이전 조영 제 부작용 나 과민 반응 경험 적 거나 평소 특이 체질 경우 반드시 검사 전 의료진 알리 도록
462,463,,"검사 후 일시적으로 출혈, 감염, 통증 등이 나타날 수 있습니다.",검사 후에 잠깐 피가 나거나 아프고 감염이 될 수 있어요.,https://www.amc.seoul.kr/asan/healthinfo/management/managementDetail.do?managementId=18,조아람,검사 후 일시 출혈 감염 통증 나타나 있
463,464,,증상이 지속될 경우 의료진에게 알려야 합니다.,증상이 계속되면 꼭 병원에 알려주세요.,https://www.amc.seoul.kr/asan/healthinfo/management/managementDetail.do?managementId=18,조아람,증상 지속 경우 의료진 알리
464,465,,"조영제 주입 시 일부 환자에서 화끈거림, 통증, 가려움, 호흡곤란, 저혈압, 쇼크 등의 부작용이 생길 수 있습니다.",검사약을 넣을 때 뜨겁거나 숨이 차고 드물게 기절할 수 있어요.,https://www.amc.seoul.kr/asan/healthinfo/management/managementDetail.do?managementId=20,조아람,조영제 주입 시 일부 환자 화끈거리 통증 가려움 호흡곤란 저 혈압 쇼크 부작용 생기 있
465,466,,"이전에 조영제 부작용을 경험하였거나, 평소 특이체질이거나 과민반응이 발생한 적이 있다면 검사 전 반드시 의료진에게 알려야 합니다.",예전에 검사약에 반응했거나 체질이 예민하면 미리 병원에 알려주세요.,https://www.amc.seoul.kr/asan/healthinfo/management/managementDetail.do?managementId=20,조아람,이전 조영 제 부작용 경험 거나 평소 특이 체질 거나 과민 반응 발생 적 다면 검사 전 반드시 의료진 알리
466,467,,X-선을 이용한 검사로 임신부이거나 임신 가능성이 있는 경우 의료진과 상의 후 검사 여부를 결정하여야 합니다.,엑스레이를 사용하는 검사라서 임신 중이거나 가능성이 있으면 의사와 먼저 상의해야 해요.,https://www.amc.seoul.kr/asan/healthinfo/management/managementDetail.do?managementId=20,조아람,선 이용 검사 임신부 거나 임신 가능 경우 의료진 상의 후 검사 여부 결정
467,468,,"검사 후 일시적으로 감염, 통증 등이 나타날 수 있습니다.",검사 후 아프거나 감염될 수 있지만 대부분 괜찮아져요.,https://www.amc.seoul.kr/asan/healthinfo/management/managementDetail.do?managementId=20,조아람,검사 후 일시 감염 통증 나타나 있
468,469,,증상이 지속될 경우 의료진에게 알려야 합니다,증상이 오래가면 꼭 병원에 알려주세요.,https://www.amc.seoul.kr/asan/healthinfo/management/managementDetail.do?managementId=20,조아람,증상 지속 경우 의료진 알리
469,470,,"검사 전에 지나치게 크게 소리를 지르거나, 큰 소리를 듣지 않도록 합니다.",검사 전에는 큰 소리를 지르거나 듣지 않도록 조심하세요.,https://www.amc.seoul.kr/asan/healthinfo/management/managementDetail.do?managementId=3,조아람,검사 전 지나치 크 소리 지르 거나 크 소리 듣 도록
470,471,,검사를 시행할 때에는 소음이 없는 상태에서 검사를 진행합니다.,검사는 조용한 곳에서 해야 정확하게 할 수 있어요.,https://www.amc.seoul.kr/asan/healthinfo/management/managementDetail.do?managementId=3,조아람,검사 시행 소음 상태 검사 진행
471,472,,검사에 집중하지 않고 움직이거나 침을 삼키는 등의 행동을 하는 경우 검사 결과가 부정확할 수 있습니다.,검사 중 움직이거나 침을 삼키면 결과가 정확하지 않을 수 있어요.,https://www.amc.seoul.kr/asan/healthinfo/management/managementDetail.do?managementId=3,조아람,검사 집중 움직이 거나 침 삼키 행동 경우 검사 결과 부 정확 있
472,473,,신생아 청각선별검사는 비교적 조용한 환경에서 시행하여야 합니다.,아기 청각검사는 조용한 곳에서 해야 정확해요.,https://www.amc.seoul.kr/asan/healthinfo/management/managementDetail.do?managementId=27,조아람,신생아 청각 선별 검사 비교적 조용 환경 시행
473,474,,자동청성뇌간반응 검사는 수면 중에 검사가 시행되어야 하며 이음향방사검사는 울지 않으면 검사를 진행할 수 있습니다.,아기가 잘 때나 울지 않고 조용할 때 검사해야 정확해요.,https://www.amc.seoul.kr/asan/healthinfo/management/managementDetail.do?managementId=27,조아람,자동 청 뇌간 반응 검사 수면 검사 시행 이음향방사 검사 울 으면 검사 진행 있
474,475,,외이도 안의 태지나 이물질이 있을 경우 위양성이 나타날 수 있으므로 생후 12시간은 지난 후 시행할 것을 권장합니다.,귀에 이물질이 있으면 검사 결과가 다르게 나올 수 있어요. 태어난 지 12시간 지난 후 검사하는 게 좋아요.,https://www.amc.seoul.kr/asan/healthinfo/management/managementDetail.do?managementId=27,조아람,외이도 안 태지 나 이물질 경우 위 양성 나타나 있 으므로 생후 시간 지나 후 시행 권장
475,476,,시력표를 이용한 시력검사는 간단하게 시행할 수 있는 검사이나 피검자의 성향과 행동에 따라 검사 결과가 바뀔 수 있어 정확도가 떨어질 수 있습니다.,시력검사는 쉬운 검사지만 아이가 잘 집중하지 않으면 결과가 달라질 수 있어요.,https://www.amc.seoul.kr/asan/healthinfo/management/managementDetail.do?managementId=48,조아람,시력표 이용 시력 검사 간단 시행 있 검사 나 피검자 성향 행동 검사 결과 바뀌 있 정확도 떨어지 있
476,477,,안구적 질환이나 시력장애로 인해 정확한 진단이 필요한 경우 추가적인 검사를 진행할 수 있습니다.,눈에 병이 있거나 시력이 안 좋으면 추가 검사가 필요할 수 있어요.,https://www.amc.seoul.kr/asan/healthinfo/management/managementDetail.do?managementId=48,조아람,안구 질환 이나 시력 장애 인하 정확 진단 필요 경우 추가 검사 진행 있
477,478,,"검사를 시행한 관절 부위는 12시간 정도 휴식을 취하는 것이 관절의 회복에 도움이 되며, 부종이 있을 경우 얼음찜질을 시행합니다.",관절 검사를 한 부위는 반나절 정도 쉬게 해주는 게 좋아요.,https://www.amc.seoul.kr/asan/healthinfo/management/managementDetail.do?managementId=7,조아람,검사 시행 관절 부위 시간 정도 휴식 취하 관절 회복 도움 부종 경우 얼음 찜 질 시행
478,479,,"검사 후 검사 부위의 통증, 열감, 부종 등이 지속되거나 심해질 경우 감염이나 혈관 손상, 신경 손상을 의심할 수 있으므로 즉시 병원으로 내원하도록 합니다.",검사 부위가 계속 아프거나 붓고 열이 나면 감염일 수 있으니 병원에 알려주세요.,https://www.amc.seoul.kr/asan/healthinfo/management/managementDetail.do?managementId=7,조아람,검사 후 검사 부위 통증 열 감 부종 지속 거나 심하 경우 감염 이나 혈관 손상 신경 손상 의심 있 으므로 즉시 병원 내원 도록
479,480,,검사 중 주입한 공기로 인해 검사 후 일시적으로 관절에서 소리가 날 수 있습니다.,검사 중 넣은 공기 때문에 관절에서 뚝뚝 소리가 날 수 있어요. 대부분 괜찮아요.,https://www.amc.seoul.kr/asan/healthinfo/management/managementDetail.do?managementId=7,조아람,검사 주입 공기 인하 검사 후 일시 관절 소리 나 있
480,481,,"조영제 주입 시 일부 환자에서 화끈거림, 통증, 가려움, 호흡곤란, 저혈압, 쇼크 등의 부작용이 생길 수 있습니다.","검사약을 넣으면 가렵거나 숨이 차고, 심하면 기절할 수 있어요.",https://www.amc.seoul.kr/asan/healthinfo/management/managementDetail.do?managementId=7,조아람,조영제 주입 시 일부 환자 화끈거리 통증 가려움 호흡곤란 저 혈압 쇼크 부작용 생기 있
481,482,,"이전에 조영제 부작용이나 과민반응을 경험한 적이 있거나 평소 특이체질인 경우, 반드시 검사 전에 이를 의료진에게 알리도록 합니다.",검사약에 부작용 있었거나 체질이 예민한 분은 미리 병원에 말해주세요.,https://www.amc.seoul.kr/asan/healthinfo/management/managementDetail.do?managementId=7,조아람,이전 조영 제 부작용 나 과민 반응 경험 적 거나 평소 특이 체질 경우 반드시 검사 전 의료진 알리 도록
482,483,,근전도 결과에 영향을 미칠 수 있으므로 검사 전 무리한 활동이나 운동은 자제해야 합니다.,근전도 검사를 정확히 하려면 검사 전 심한 운동은 하지 마세요.,https://www.amc.seoul.kr/asan/healthinfo/management/managementDetail.do?managementId=34,조아람,근전도 결과 영향 미치 있 으므로 검사 전 무리 활동 이나 운동 자제
483,484,,침근전도 검사의 경우 검사자의 지시에 따르지 않고 움직이게 되면 부상으로 이어질 수 있으므로 주의해야 합니다.,바늘로 검사할 땐 움직이면 다칠 수 있어요. 의료진 말에 잘 따라주세요.,https://www.amc.seoul.kr/asan/healthinfo/management/managementDetail.do?managementId=34,조아람,침 근전도 검사 경우 검사자 지시 움직이 부상 이어지 있 으므로 주의
484,485,,침근전도 검사의 경우 바늘을 삽입한 부위의 통증 및 출혈이 발생할 수 있습니다.,바늘이 들어간 부위가 아프거나 피가 날 수 있어요.,https://www.amc.seoul.kr/asan/healthinfo/management/managementDetail.do?managementId=34,조아람,침 근전도 검사 경우 바늘 삽입 부위 통증 및 출혈 발생 있
485,486,,"그러나 지속적인 통증, 부종, 발적, 열감 등 근육감염의 증상이 있을 경우 병원으로 내원해야 합니다.","통증, 붓기, 열감이 계속되면 근육에 감염이 있을 수 있으니 병원에 가야 해요.",https://www.amc.seoul.kr/asan/healthinfo/management/managementDetail.do?managementId=34,조아람,그러나 지속 통증 부종 발 열 감 근육 감염 증상 있 경우 병원 내원
486,487,,요추천자는 긴 바늘을 척추강내 삽입하는 검사이기 때문에 의료진의 지시를 잘 따라야하며 구부린 자세를 유지하는 것이 중요합니다.,척추에 바늘을 넣는 검사라서 의료진의 말에 꼭 따라야 해요.,https://www.amc.seoul.kr/asan/healthinfo/management/managementDetail.do?managementId=54,조아람,요추 천자 길 바늘 척추 강 내 삽입 검사 의료진 지시 잘 구부리 자세 유지 중요
487,488,,임산부와 수유부는 검사 전 반드시 의료진과 상의하십시오.,임신 중이거나 모유 수유 중이면 검사 전에 의사와 상담하세요.,https://www.amc.seoul.kr/asan/healthinfo/management/managementDetail.do?managementId=54,조아람,임산부 수유부 검사 전 반드시 의료진 상의 시
488,489,,요추천자는 긴 바늘을 척추강내 삽입하는 검사이기 때문에 의료진의 지시를 잘 따라야하며 구부린 자세를 유지하는 것이 중요합니다.,척추에 바늘을 넣는 검사라서 움직이지 말고 의료진 말에 잘 따라야 해요.,https://www.amc.seoul.kr/asan/healthinfo/management/managementDetail.do?managementId=33,조아람,요추 천자 길 바늘 척추 강 내 삽입 검사 의료진 지시 잘 구부리 자세 유지 중요
489,490,,"단백뇨는 신장질환을 의미하기도 하지만 감염, 약물복용, 심한 운동, 스트레스로 인해 일시적으로 상승할 수 있습니다.","소변에 단백질이 보이는 건 콩팥 문제일 수도 있고, 일시적인 영향일 수도 있어요.",https://www.amc.seoul.kr/asan/healthinfo/management/managementDetail.do?managementId=103,조아람,단백뇨 신장 질환 의미 감염 약물 복용 심 운동 스트레스 인하 일시 상승 있
490,491,,검사 당일 아침에 물을 많이 마시면 단백뇨 수치가 낮게 나올 수 있습니다.,검사 날 아침 물을 많이 마시면 검사 결과가 낮게 나올 수 있어요.,https://www.amc.seoul.kr/asan/healthinfo/management/managementDetail.do?managementId=103,조아람,검사 당일 아침 물 많이 마시 단백뇨 수치 낮 나오 있
491,492,,"크레아티닌 농도는 근육손상의 결과 일시적으로 증가할 수 있고, 임신 동안에는 낮게 유지됩니다.","크레아티닌 수치는 근육이 다치면 올라가고, 임신 중이면 낮게 나올 수 있어요.",https://www.amc.seoul.kr/asan/healthinfo/management/managementDetail.do?managementId=103,조아람,크레아티닌 농도 근육 손상 결과 일시 증가 있 임신 동안 낮 유지
